stock_id,ticker,company_name,country,sector,exchange,currency,trade_date,open_price,high_price,low_price,close_price,adjusted_close,volume,market_cap_billion,pe_ratio,dividend_yield
NULL,HDFCBANK,HDFC Bank,India,Finance,NSE,INR,2020-01-01,915.89,973.43,861.92,886.05,890.83,47258038,2360.44,18.85,1.45
2,INFY,Infosys,India,Technology,NSE,INR,2020-01-04,591.94,665.06,551.53,603.36,606.98,24294120,224.48,23.02,0.42
3,AAPL,Apple,USA,Technology,NASDAQ,USD,2020-01-07,1521.19,1557.08,1465.21,NULL,1538.04,26875138,1893.26,NULL,2.49
4,INFY,Infosys,India,Technology,NSE,INR,2020-01-10,901.08,964.98,881.53,937.97,941.48,7401991,1754.96,59.82,5.49
5,TSLA,Tesla,USA,Automobile,NASDAQ,USD,2020-01-13,NULL,NULL,1885.77,1914.48,NULL,40597593,777.93,8.96,5.06
6,TM,Toyota,Japan,Automobile,TSE,NULL,2020-01-16,1149.33,1189.4,1094.58,1113.13,1113.31,26338547,2819.55,21.25,1.8
7,NULL,TCS,India,Technology,NSE,INR,2020-01-19,1440.44,1490.68,1434.43,1444.13,1442.91,39419019,2502.33,57.7,5.19
8,AAPL,NULL,USA,Technology,NASDAQ,USD,2020-01-22,2168.77,2214.07,2162.0,2193.66,2191.63,973139,837.75,42.42,1.52
9,MSFT,Microsoft,USA,NULL,NASDAQ,USD,2020-01-25,NULL,1457.18,1428.64,1451.61,1451.42,3665483,418.29,8.81,4.33
10,NULL,Reliance Industries,India,Energy,NSE,INR,2020-01-28,1749.65,1762.42,1707.6,1737.41,1742.35,NULL,1034.15,5.3,0.21
11,NULL,HDFC Bank,India,Finance,NSE,INR,2020-01-31,979.79,1020.73,977.25,982.02,NULL,10143870,711.71,NULL,0.9
12,TCS,TCS,India,Technology,NSE,INR,2020-02-03,1156.18,1232.52,1098.72,1182.67,1182.14,42128183,2092.84,73.4,NULL
13,META,Meta,USA,Technology,NASDAQ,USD,2020-02-06,756.82,819.81,720.27,786.35,781.43,8912783,1766.77,39.93,6.96
14,BABA,Alibaba,China,Retail,NYSE,USD,2020-02-09,1594.11,1660.84,1543.06,1655.41,1655.56,19810487,1289.46,52.96,2.94
15,AAPL,Apple,USA,Technology,NASDAQ,USD,2020-02-12,915.86,958.33,910.12,946.35,947.79,NULL,2067.83,65.99,3.37
16,GOOG,NULL,NULL,Technology,NASDAQ,USD,2020-02-15,504.51,NULL,466.45,520.14,524.08,10438187,1647.9,54.66,1.75
17,INFY,Infosys,India,Technology,NSE,INR,2020-02-18,638.61,651.52,619.92,637.49,634.56,11555897,NULL,35.06,4.59
18,SAMSUNG,Samsung,South Korea,Technology,KRX,KRW,2020-02-21,1116.29,1145.45,1112.14,1126.82,1129.12,17108509,2430.54,65.6,NULL
19,MSFT,NULL,USA,Technology,NASDAQ,USD,2020-02-24,310.15,322.95,304.5,NULL,309.17,46525253,520.44,18.06,2.2
20,SAMSUNG,Samsung,South Korea,Technology,KRX,KRW,2020-02-27,NULL,1222.46,1152.26,1152.69,1153.55,5928375,2965.72,39.56,4.22
21,TSLA,NULL,USA,NULL,NASDAQ,USD,2020-03-01,2398.81,2408.25,2385.75,NULL,2395.79,33319585,266.99,47.52,4.53
22,TSLA,Tesla,USA,Automobile,NULL,USD,2020-03-04,840.57,872.88,803.19,822.11,818.93,34797772,1215.27,52.42,6.52
23,HDFCBANK,HDFC Bank,India,Finance,NULL,INR,2020-03-07,1296.77,1301.05,1268.81,1287.15,1290.06,22896463,1162.48,28.15,6.4
24,AAPL,Apple,USA,Technology,NASDAQ,USD,2020-03-10,653.95,697.4,603.92,667.83,670.42,13535740,2969.64,70.73,NULL
25,RELIANCE,Reliance Industries,India,Energy,NSE,INR,2020-03-13,171.97,208.94,NULL,167.67,167.77,26564587,2178.37,45.13,2.98
26,MSFT,Microsoft,USA,Technology,NULL,USD,2020-03-16,1630.5,1648.15,1607.47,1643.57,1646.56,15565572,714.04,39.7,6.84
27,HDFCBANK,HDFC Bank,India,Finance,NULL,INR,2020-03-19,869.47,947.12,857.18,865.78,863.3,16129936,1639.61,51.89,4.01
28,INFY,Infosys,India,Technology,NSE,INR,2020-03-22,1570.33,1619.74,1531.67,1597.43,1593.94,38044696,2163.87,NULL,0.03
NULL,HDFCBANK,HDFC Bank,India,Finance,NSE,INR,2020-03-25,1371.63,1440.37,1350.68,1412.21,1410.98,33134195,1316.9,44.86,6.04
30,NULL,Apple,USA,Technology,NASDAQ,USD,2020-03-28,181.68,246.03,134.32,NULL,144.3,16529101,2998.04,51.22,0.81
NULL,META,Meta,USA,Technology,NULL,USD,2020-03-31,1279.56,1284.64,1241.98,NULL,NULL,35617583,1438.02,14.94,1.67
32,RELIANCE,Reliance Industries,India,Energy,NSE,INR,NULL,1777.61,1803.76,1765.72,1793.65,1788.9,32458055,2726.52,58.53,6.97
33,AAPL,NULL,USA,Technology,NULL,NULL,2020-04-06,NULL,389.24,378.15,382.59,380.8,38810116,2304.98,71.1,1.15
34,AMZN,NULL,USA,Retail,NASDAQ,USD,2020-04-09,1102.55,1173.19,1090.65,1155.82,1158.41,18826059,2767.36,62.97,2.72
35,BMW,BMW,Germany,Automobile,XETRA,EUR,2020-04-12,NULL,NULL,1394.09,1398.67,1403.1,36133254,28.28,48.56,0.72
NULL,INFY,Infosys,India,Technology,NSE,INR,2020-04-15,311.24,354.5,252.85,254.56,NULL,26211364,135.93,NULL,0.7
37,TM,Toyota,Japan,Automobile,TSE,JPY,2020-04-18,1121.62,1151.91,1105.19,1123.48,1120.86,43336240,NULL,16.08,0.45
38,SAMSUNG,Samsung,South Korea,Technology,KRX,NULL,2020-04-21,1764.2,1832.1,NULL,1817.72,1819.67,43879806,2655.95,65.48,0.98
39,TM,Toyota,Japan,Automobile,TSE,NULL,2020-04-24,1880.0,1940.48,1838.68,1851.93,1850.48,10147775,2875.8,NULL,5.95
40,TM,Toyota,Japan,Automobile,TSE,NULL,2020-04-27,155.63,173.77,118.35,168.69,172.91,24115764,2688.99,27.76,2.7
41,NULL,Toyota,Japan,Automobile,TSE,JPY,2020-04-30,1217.49,1252.27,1192.95,1217.37,NULL,33210506,188.58,15.59,4.9
42,TSLA,Tesla,USA,Automobile,NASDAQ,USD,2020-05-03,NULL,870.05,762.8,803.92,807.67,9899810,1806.49,40.72,5.85
43,TSLA,NULL,USA,Automobile,NASDAQ,USD,2020-05-06,1828.29,NULL,1792.72,1825.95,1827.67,23409454,1401.2,7.64,NULL
44,BABA,NULL,NULL,Retail,NYSE,USD,2020-05-09,2414.64,2420.24,2361.4,2386.03,2382.07,16892737,NULL,74.32,0.69
45,BABA,Alibaba,China,Retail,NYSE,USD,NULL,NULL,NULL,2436.24,2482.98,2485.24,42788657,1299.29,38.5,4.15
46,TSLA,Tesla,USA,NULL,NASDAQ,USD,2020-05-15,2428.73,2479.43,2414.01,2433.76,2438.52,8838234,1410.17,37.98,5.93
47,TCEHY,Tencent,China,Technology,HKEX,HKD,2020-05-18,722.5,768.78,713.38,745.13,748.55,29880441,1574.43,28.06,3.28
48,NULL,BMW,Germany,Automobile,XETRA,EUR,2020-05-21,NULL,344.0,NULL,303.4,307.94,44166094,2093.94,58.5,0.29
49,AMZN,NULL,NULL,Retail,NASDAQ,USD,2020-05-24,2461.59,2516.79,2429.1,2440.33,2440.65,14589812,970.96,24.64,4.29
50,NULL,Microsoft,USA,Technology,NASDAQ,USD,2020-05-27,777.23,831.15,759.99,761.94,763.45,NULL,1652.52,58.59,0.68
51,BABA,Alibaba,China,Retail,NYSE,USD,2020-05-30,1411.77,1480.1,1359.91,1447.56,1444.63,21321942,41.31,72.84,6.53
52,TSLA,Tesla,USA,Automobile,NULL,USD,2020-06-02,325.7,335.77,317.71,326.37,331.23,26394434,2913.84,30.38,5.73
53,TSLA,Tesla,USA,Automobile,NASDAQ,USD,2020-06-05,1810.88,1872.05,1797.68,1852.66,1851.7,41416370,2894.88,36.84,0.25
54,SAMSUNG,Samsung,South Korea,Technology,KRX,KRW,2020-06-08,1684.47,1740.34,1637.81,1683.13,1683.29,22769468,2041.49,56.4,0.29
55,BMW,BMW,Germany,Automobile,XETRA,EUR,2020-06-11,795.39,797.01,NULL,782.24,782.35,31445297,944.61,36.85,NULL
56,BABA,Alibaba,China,Retail,NYSE,USD,2020-06-14,2145.61,2203.6,2121.81,2133.49,2135.31,9718174,1304.13,43.44,NULL
NULL,AAPL,Apple,USA,Technology,NASDAQ,USD,2020-06-17,2358.57,2372.68,2329.04,2365.38,2369.23,8190077,NULL,73.31,NULL
58,AAPL,Apple,USA,Technology,NASDAQ,USD,NULL,1793.46,1821.1,1758.67,1818.89,1816.65,25712802,2409.6,65.7,1.38
59,BABA,Alibaba,China,Retail,NYSE,USD,2020-06-23,2118.86,2130.26,2079.72,NULL,2106.22,27990957,2693.33,52.81,NULL
60,AMZN,Amazon,USA,Retail,NASDAQ,USD,2020-06-26,1844.04,1882.87,1810.09,1856.93,1861.86,26486526,350.74,60.75,3.08
61,NULL,TCS,India,NULL,NSE,NULL,2020-06-29,695.17,NULL,645.06,649.95,645.41,4108624,1609.12,32.73,2.71
62,TCS,TCS,India,Technology,NSE,INR,NULL,179.84,237.24,NULL,217.14,214.98,35505784,1257.61,26.08,6.41
63,BABA,Alibaba,NULL,Retail,NYSE,USD,2020-07-05,2152.25,2215.96,2139.3,2208.75,2209.15,30168254,NULL,NULL,6.42
64,SAMSUNG,Samsung,South Korea,Technology,KRX,NULL,2020-07-08,619.42,669.97,609.86,620.1,616.03,33543879,NULL,65.19,0.72
65,TM,NULL,Japan,Automobile,TSE,JPY,NULL,483.46,561.16,461.55,536.41,533.11,11658271,28.57,66.07,0.73
66,AAPL,Apple,USA,Technology,NASDAQ,USD,2020-07-14,839.22,871.76,823.36,861.83,862.22,47873112,1485.63,10.26,3.37
67,BABA,Alibaba,China,Retail,NYSE,USD,2020-07-17,1735.61,1749.56,1723.82,1744.9,1746.54,25045788,1455.47,NULL,2.44
68,TSLA,Tesla,USA,Automobile,NASDAQ,USD,NULL,343.42,388.43,286.77,NULL,332.43,42908803,887.32,7.84,0.56
NULL,RELIANCE,Reliance Industries,India,Energy,NSE,NULL,2020-07-23,571.19,NULL,535.5,548.78,549.63,7410899,1165.81,31.7,6.89
70,META,NULL,NULL,Technology,NASDAQ,USD,2020-07-26,408.41,474.22,367.66,400.86,400.78,NULL,NULL,NULL,2.64
71,HDFCBANK,HDFC Bank,India,NULL,NSE,NULL,2020-07-29,NULL,2045.26,1957.0,2001.23,2000.47,19052469,483.34,32.16,2.21
72,SAMSUNG,Samsung,South Korea,Technology,KRX,KRW,2020-08-01,1885.43,1909.07,1862.32,NULL,1894.45,NULL,639.66,12.79,3.65
73,RELIANCE,Reliance Industries,India,NULL,NSE,INR,2020-08-04,891.15,922.67,867.61,879.42,874.45,38394857,1418.83,66.83,0.64
74,TSLA,Tesla,USA,NULL,NASDAQ,USD,2020-08-07,79.22,124.28,46.28,97.5,101.92,NULL,633.46,NULL,NULL
75,AMZN,Amazon,USA,Retail,NASDAQ,USD,NULL,2296.17,2299.6,2284.53,2296.44,2294.19,23341922,NULL,36.37,5.77
76,NULL,Meta,USA,Technology,NASDAQ,USD,NULL,2312.31,2373.1,2264.63,2350.03,2348.32,8250610,821.5,37.01,4.41
77,AAPL,Apple,USA,Technology,NASDAQ,USD,2020-08-16,NULL,847.38,794.42,799.44,803.39,NULL,2040.48,70.39,NULL
NULL,HDFCBANK,NULL,India,Finance,NSE,INR,NULL,1749.64,1799.58,1715.24,1739.4,1734.46,16516731,NULL,5.19,4.93
79,HDFCBANK,HDFC Bank,India,Finance,NSE,INR,2020-08-22,NULL,NULL,2089.36,2118.14,2113.58,2738886,2828.51,52.68,3.15
80,BMW,BMW,Germany,Automobile,XETRA,EUR,2020-08-25,1733.33,NULL,1680.2,1717.05,1716.2,3473657,2238.04,5.59,2.08
81,HDFCBANK,HDFC Bank,India,Finance,NSE,INR,NULL,1059.93,1133.76,1037.77,1049.88,1046.33,14580593,2376.63,5.69,5.15
82,BMW,BMW,Germany,Automobile,XETRA,EUR,2020-08-31,277.1,NULL,263.9,299.45,303.91,NULL,NULL,71.72,4.52
83,AMZN,Amazon,USA,Retail,NASDAQ,USD,2020-09-03,2377.26,2396.99,2346.54,2365.9,2366.77,23539530,531.98,64.62,1.35
84,AMZN,Amazon,USA,Retail,NASDAQ,USD,2020-09-06,2232.78,2290.19,2223.38,2288.49,2292.27,43913101,466.5,26.33,2.05
85,AMZN,Amazon,USA,Retail,NASDAQ,USD,2020-09-09,1933.5,1961.07,1886.04,1931.48,1932.01,36061701,2170.7,NULL,1.34
86,TM,Toyota,Japan,Automobile,TSE,JPY,NULL,523.61,574.47,463.87,524.09,525.91,NULL,992.25,22.76,NULL
87,META,Meta,USA,Technology,NASDAQ,USD,2020-09-15,1007.94,1065.25,979.16,1035.26,1038.71,34273314,2043.45,8.07,NULL
88,NULL,HDFC Bank,India,Finance,NSE,INR,2020-09-18,2253.11,2303.49,2220.46,2251.67,2252.81,25118818,783.04,23.63,6.65
89,AMZN,Amazon,USA,NULL,NASDAQ,USD,2020-09-21,2118.53,2170.51,2085.86,2162.21,2158.38,14635242,1183.14,9.5,5.01
90,AAPL,Apple,NULL,Technology,NASDAQ,USD,2020-09-24,1742.41,1779.42,1713.97,1761.36,1758.04,7599841,1652.68,17.89,NULL
91,META,Meta,USA,Technology,NASDAQ,USD,NULL,2204.74,2224.71,2186.45,2198.92,2202.77,19977354,675.24,37.5,6.81
92,BABA,Alibaba,China,Retail,NYSE,USD,2020-09-30,1484.82,1551.32,NULL,1504.42,1506.95,9073368,1167.21,29.23,1.11
93,TSLA,Tesla,USA,Automobile,NASDAQ,USD,2020-10-03,604.78,679.7,595.58,673.69,670.84,8437579,2125.66,59.13,4.45
94,META,Meta,USA,Technology,NULL,USD,2020-10-06,1278.54,1315.09,1255.47,1264.33,1264.8,46672722,2372.87,73.08,0.71
95,AMZN,Amazon,NULL,Retail,NULL,USD,2020-10-09,1784.71,1792.29,1734.48,1757.44,1759.72,4037836,1044.06,NULL,3.95
96,NULL,HDFC Bank,India,Finance,NSE,INR,2020-10-12,994.5,1047.85,983.64,987.33,990.73,27119314,NULL,10.9,2.92
97,MSFT,Microsoft,USA,Technology,NULL,USD,2020-10-15,723.83,NULL,698.07,NULL,733.29,22464257,156.9,66.12,0.45
98,TSLA,Tesla,USA,NULL,NASDAQ,USD,2020-10-18,853.43,890.97,852.24,858.07,855.33,24845378,188.14,33.1,NULL
99,AAPL,Apple,USA,Technology,NASDAQ,USD,2020-10-21,724.1,789.53,712.55,753.84,752.75,NULL,2247.03,36.85,2.87
100,TM,Toyota,Japan,Automobile,TSE,JPY,2020-10-24,1300.52,1339.48,1256.89,1287.19,1288.05,5186163,870.0,67.56,1.42
101,INFY,NULL,India,Technology,NSE,NULL,2020-10-27,654.06,687.71,637.28,682.18,686.72,NULL,2497.36,62.74,NULL
102,SAMSUNG,Samsung,NULL,NULL,KRX,KRW,2020-10-30,538.24,554.61,NULL,497.55,492.86,20508689,2572.66,69.18,0.09
103,SAMSUNG,Samsung,South Korea,Technology,KRX,KRW,2020-11-02,1992.51,2004.01,1947.37,NULL,2002.98,NULL,1237.97,65.46,5.83
104,TCS,TCS,India,Technology,NULL,INR,2020-11-05,423.82,461.7,NULL,440.28,438.64,12312069,NULL,24.12,2.0
105,AAPL,Apple,USA,Technology,NASDAQ,USD,2020-11-08,NULL,2487.09,2437.28,2469.91,2468.63,25883202,1843.71,50.94,5.91
106,TCEHY,Tencent,China,Technology,HKEX,HKD,2020-11-11,1460.07,1476.47,1455.24,1461.33,1463.75,NULL,1317.39,17.49,3.39
107,SAMSUNG,NULL,South Korea,Technology,KRX,KRW,2020-11-14,736.05,776.92,698.99,755.54,757.5,43021993,2022.44,53.53,6.22
108,GOOG,Alphabet,NULL,Technology,NASDAQ,USD,2020-11-17,135.66,177.11,107.07,NULL,115.84,4916033,2952.19,6.75,6.76
109,SAMSUNG,Samsung,South Korea,Technology,KRX,KRW,2020-11-20,2184.64,2261.32,2153.26,2159.08,2163.02,15357084,1592.23,NULL,NULL
110,TCS,TCS,NULL,Technology,NSE,INR,2020-11-23,2257.77,2280.18,2209.57,2218.91,2217.87,NULL,2877.31,73.7,1.1
111,META,Meta,USA,Technology,NASDAQ,NULL,2020-11-26,1396.65,NULL,NULL,1383.55,1384.82,9139210,NULL,21.13,0.85
112,MSFT,Microsoft,USA,Technology,NASDAQ,USD,2020-11-29,1822.95,1832.21,1783.23,1831.94,1831.84,7261863,124.23,26.51,5.56
113,GOOG,Alphabet,USA,Technology,NASDAQ,USD,2020-12-02,2059.94,2087.85,2052.9,NULL,2077.47,29118688,2014.23,16.38,2.57
114,SAMSUNG,Samsung,South Korea,Technology,KRX,KRW,2020-12-05,486.29,499.52,452.73,494.8,495.29,25529350,1747.66,38.27,4.06
115,GOOG,Alphabet,USA,Technology,NASDAQ,USD,2020-12-08,1381.71,1449.22,NULL,1382.67,1378.69,NULL,651.44,26.0,0.34
116,TM,NULL,NULL,Automobile,TSE,JPY,2020-12-11,554.62,567.95,515.06,542.49,542.76,40429369,214.98,18.26,1.65
117,RELIANCE,Reliance Industries,India,Energy,NSE,NULL,2020-12-14,140.37,219.17,83.88,127.78,129.52,47789331,1442.94,67.6,4.6
118,NULL,Tesla,NULL,Automobile,NULL,USD,2020-12-17,1962.62,2011.8,1952.49,1977.22,1979.36,41213389,1635.04,38.62,NULL
119,TCEHY,Tencent,China,Technology,HKEX,HKD,2020-12-20,773.22,774.95,735.47,773.85,773.13,29818529,555.43,59.86,1.56
120,SAMSUNG,Samsung,South Korea,Technology,KRX,KRW,2020-12-23,1194.78,1238.59,1145.7,1222.76,1224.79,NULL,1147.68,12.24,2.23
NULL,TM,Toyota,Japan,Automobile,TSE,JPY,2020-12-26,71.27,122.61,51.07,120.67,118.07,46002207,328.41,33.48,NULL
122,HDFCBANK,HDFC Bank,India,Finance,NSE,INR,2020-12-29,542.68,616.55,532.77,592.91,592.41,39007846,NULL,72.62,5.68
123,AMZN,Amazon,USA,Retail,NASDAQ,USD,2021-01-01,819.16,876.22,808.72,866.86,867.76,18694658,2298.82,33.11,2.79
124,RELIANCE,NULL,India,Energy,NSE,INR,2021-01-04,1229.7,1253.42,1190.13,1192.41,1189.13,NULL,1352.19,13.7,4.12
125,NULL,Amazon,USA,Retail,NASDAQ,USD,2021-01-07,572.0,639.96,516.7,635.7,631.87,3663322,939.41,47.55,5.47
126,AMZN,Amazon,USA,Retail,NASDAQ,NULL,2021-01-10,2453.5,2488.6,2396.86,2457.99,2456.43,15146092,2177.66,29.29,2.88
127,AMZN,Amazon,USA,Retail,NASDAQ,USD,2021-01-13,NULL,2077.52,2032.85,2072.68,2072.32,25533547,NULL,61.07,2.85
128,BMW,BMW,Germany,Automobile,XETRA,EUR,2021-01-16,679.78,734.02,646.28,NULL,660.01,7468807,909.02,17.62,6.45
129,TCS,TCS,India,Technology,NSE,INR,2021-01-19,2357.78,2404.02,2330.66,NULL,2346.3,49356347,788.93,73.51,2.71
130,SAMSUNG,Samsung,South Korea,Technology,KRX,KRW,2021-01-22,391.63,441.15,359.8,368.0,NULL,33639859,2647.46,43.11,6.67
NULL,BMW,BMW,Germany,Automobile,XETRA,EUR,2021-01-25,1144.48,1175.89,1114.2,1160.3,1156.79,31910610,1069.58,40.87,5.35
132,NULL,Amazon,USA,Retail,NASDAQ,USD,2021-01-28,616.95,688.86,NULL,633.41,633.12,45019803,2829.4,NULL,1.65
133,BABA,Alibaba,China,Retail,NYSE,USD,2021-01-31,2314.19,2358.72,2256.97,2285.66,2283.24,34201656,1804.25,53.61,2.85
134,RELIANCE,Reliance Industries,India,Energy,NSE,INR,2021-02-03,2233.1,2303.46,2230.93,2240.88,2237.74,5969459,2036.54,NULL,2.15
135,INFY,Infosys,India,Technology,NSE,NULL,NULL,1971.66,2039.27,1963.52,NULL,1997.91,12964815,1382.47,NULL,4.96
136,TSLA,Tesla,USA,Automobile,NASDAQ,USD,2021-02-09,2416.63,2482.25,2380.81,2479.5,2477.09,24404765,1650.92,NULL,3.76
137,TM,Toyota,Japan,Automobile,TSE,JPY,NULL,571.59,599.07,560.81,575.28,NULL,12927053,529.19,44.63,0.07
138,TM,Toyota,Japan,Automobile,TSE,JPY,2021-02-15,232.39,290.84,208.13,234.58,236.65,27075573,2732.67,39.6,6.37
NULL,META,Meta,USA,Technology,NASDAQ,USD,2021-02-18,1848.75,1875.37,1813.45,NULL,1870.31,14398934,146.29,65.0,0.18
140,HDFCBANK,HDFC Bank,NULL,Finance,NSE,NULL,2021-02-21,2483.69,NULL,2452.8,2496.35,2500.78,35992885,699.04,66.22,0.29
141,RELIANCE,Reliance Industries,India,Energy,NSE,INR,2021-02-24,1315.41,1371.45,1295.21,1343.94,1346.26,31434168,NULL,45.1,5.47
142,BABA,Alibaba,China,Retail,NYSE,USD,2021-02-27,1673.39,1739.79,1650.8,1702.63,1698.35,30473411,618.71,73.2,4.57
NULL,TM,Toyota,Japan,Automobile,TSE,JPY,2021-03-02,2101.67,2142.33,2087.24,2100.46,2102.13,48374543,1958.3,45.82,5.54
144,META,Meta,USA,Technology,NASDAQ,USD,2021-03-05,1789.45,1801.2,1734.63,1763.86,1761.77,671777,200.61,54.09,0.65
145,NULL,NULL,NULL,Automobile,NASDAQ,USD,2021-03-08,2392.52,2446.94,2371.58,2438.14,NULL,28781066,1297.77,25.53,2.41
146,BMW,BMW,Germany,NULL,XETRA,EUR,2021-03-11,727.92,752.47,697.02,699.29,696.51,NULL,1171.8,54.56,5.19
147,GOOG,NULL,USA,Technology,NASDAQ,USD,2021-03-14,1494.08,1511.96,1448.96,1485.15,1486.36,12859420,397.1,73.94,3.74
148,META,NULL,NULL,Technology,NASDAQ,USD,2021-03-17,915.45,926.14,860.48,865.14,867.42,NULL,186.22,65.07,1.7
149,NULL,Tesla,USA,Automobile,NASDAQ,NULL,NULL,2416.95,2459.33,2408.88,2433.79,NULL,34192147,864.26,18.02,4.52
150,NULL,Infosys,India,Technology,NULL,INR,2021-03-23,1269.64,1311.17,1220.25,1238.29,1242.68,25749035,2518.42,56.34,6.28
151,SAMSUNG,Samsung,South Korea,Technology,KRX,KRW,2021-03-26,2217.69,2248.06,2183.12,2236.89,2236.49,46045477,387.5,16.11,1.43
NULL,AAPL,Apple,USA,Technology,NASDAQ,USD,2021-03-29,1120.29,1121.97,1114.22,1120.48,1124.99,23070846,1522.64,60.92,4.9
153,META,Meta,USA,NULL,NASDAQ,USD,2021-04-01,1422.4,1434.97,1373.67,1432.38,1435.06,43713315,1515.85,70.14,2.63
154,META,NULL,USA,Technology,NASDAQ,USD,2021-04-04,203.85,217.64,169.35,171.7,173.91,41274112,2564.08,68.02,1.93
155,TCS,TCS,India,Technology,NSE,INR,2021-04-07,2432.22,2437.56,2387.04,2389.85,2391.37,5131748,NULL,56.76,3.11
156,TCEHY,Tencent,China,Technology,HKEX,HKD,2021-04-10,2458.59,2470.85,2431.19,2435.72,2438.92,37533265,67.53,10.95,0.83
157,BABA,Alibaba,China,Retail,NYSE,USD,2021-04-13,650.06,659.41,630.3,630.48,632.72,21320801,2509.44,62.41,2.13
158,NULL,BMW,Germany,NULL,XETRA,EUR,2021-04-16,1765.29,1832.22,1734.73,1824.14,1822.97,36800377,1755.44,24.8,1.91
159,TM,Toyota,Japan,Automobile,TSE,JPY,2021-04-19,2326.8,2371.64,2282.72,2348.5,2345.28,19048126,NULL,11.26,NULL
160,AAPL,Apple,USA,Technology,NASDAQ,NULL,2021-04-22,NULL,2339.56,2247.13,2309.97,2312.01,NULL,2647.81,35.59,6.47
161,SAMSUNG,Samsung,South Korea,NULL,KRX,KRW,2021-04-25,295.89,317.92,247.67,280.52,275.73,4847505,2774.99,64.16,2.53
162,TCEHY,Tencent,China,Technology,HKEX,HKD,2021-04-28,314.08,369.84,271.53,326.64,325.23,15071010,794.54,48.56,4.06
163,SAMSUNG,Samsung,South Korea,NULL,KRX,KRW,2021-05-01,854.69,858.21,850.66,852.04,854.56,19682032,262.47,70.19,0.28
164,TCS,TCS,India,Technology,NSE,INR,2021-05-04,1739.44,1801.53,NULL,NULL,1752.31,20952519,484.75,NULL,1.83
165,NULL,Infosys,India,NULL,NULL,INR,2021-05-07,299.09,341.95,276.29,313.85,318.47,41597583,1148.56,10.64,0.62
166,TSLA,Tesla,USA,Automobile,NASDAQ,USD,2021-05-10,1731.26,1788.9,1692.58,1693.2,1698.1,42854732,2331.33,6.83,1.72
167,SAMSUNG,Samsung,South Korea,Technology,KRX,KRW,2021-05-13,2359.14,2367.57,NULL,2367.08,2363.13,11697519,2998.37,17.02,6.82
168,TSLA,Tesla,USA,Automobile,NASDAQ,USD,2021-05-16,605.82,664.09,561.7,603.45,600.02,11223785,640.78,50.49,2.48
169,SAMSUNG,Samsung,South Korea,Technology,KRX,KRW,2021-05-19,1339.8,1382.78,1309.14,1345.71,1345.79,36046521,1697.93,34.78,4.43
NULL,META,Meta,USA,Technology,NASDAQ,USD,2021-05-22,2204.09,2239.46,2199.37,2232.91,NULL,34680471,2372.37,25.69,0.96
171,TSLA,NULL,USA,Automobile,NASDAQ,USD,2021-05-25,NULL,1677.62,NULL,1657.3,1662.27,24687367,1119.54,19.45,0.67
172,NULL,Microsoft,USA,NULL,NASDAQ,USD,2021-05-28,1383.21,1441.25,1372.82,NULL,1393.33,7032109,1738.27,27.93,4.36
173,MSFT,Microsoft,USA,Technology,NASDAQ,USD,2021-05-31,2420.63,2473.44,2360.83,2384.33,2385.42,3781704,1930.66,48.06,0.3
174,HDFCBANK,HDFC Bank,NULL,Finance,NSE,INR,NULL,1325.74,1347.97,1270.12,1270.44,1270.12,43239665,1249.77,64.17,1.09
175,TCEHY,Tencent,China,Technology,HKEX,HKD,2021-06-06,2365.32,2370.45,2335.37,NULL,2360.33,27947074,489.79,59.42,0.0
176,RELIANCE,NULL,India,Energy,NSE,INR,2021-06-09,1088.69,1154.01,1077.82,1082.7,1086.01,41790683,1845.76,12.68,0.09
177,HDFCBANK,HDFC Bank,India,Finance,NSE,NULL,2021-06-12,2225.78,2298.93,2178.11,NULL,2251.71,41012546,2580.16,55.35,NULL
178,SAMSUNG,Samsung,South Korea,Technology,KRX,KRW,2021-06-15,1368.71,1380.93,1338.52,1346.81,1349.66,18618736,2396.49,74.04,1.52
179,AMZN,Amazon,USA,Retail,NASDAQ,USD,2021-06-18,1658.37,1730.56,1626.46,1723.2,1724.65,NULL,205.75,57.76,3.29
NULL,NULL,Toyota,Japan,Automobile,TSE,JPY,2021-06-21,1953.72,2026.22,1910.67,1991.64,1987.31,14309574,2794.92,41.98,NULL
181,INFY,Infosys,India,Technology,NSE,INR,2021-06-24,1302.1,1338.29,1259.8,1294.74,1293.38,40295524,NULL,56.56,6.98
182,BABA,Alibaba,China,Retail,NYSE,USD,2021-06-27,1691.54,1749.96,1667.2,1726.05,1728.68,35539125,1603.5,22.61,1.23
183,TM,Toyota,NULL,Automobile,TSE,NULL,2021-06-30,1865.98,1914.35,1812.64,NULL,1906.1,NULL,NULL,43.48,1.29
184,GOOG,Alphabet,USA,NULL,NASDAQ,USD,2021-07-03,134.02,211.36,NULL,156.35,160.06,47024393,592.13,39.18,1.15
185,TCEHY,Tencent,China,Technology,HKEX,HKD,2021-07-06,432.89,506.6,430.14,NULL,438.36,17160716,2833.92,21.3,5.13
186,SAMSUNG,Samsung,NULL,Technology,KRX,KRW,2021-07-09,NULL,2404.13,2327.78,2348.58,2352.06,8546328,275.2,47.57,1.36
187,AMZN,Amazon,USA,Retail,NULL,USD,NULL,831.59,837.48,814.35,821.03,824.59,42460569,2363.48,NULL,5.99
188,TSLA,Tesla,USA,Automobile,NASDAQ,USD,2021-07-15,1815.57,1873.0,1807.66,1865.32,1864.43,15025750,2565.94,23.62,2.07
189,RELIANCE,Reliance Industries,India,Energy,NSE,NULL,2021-07-18,1286.86,1315.01,1231.92,1232.35,NULL,1824982,2277.35,5.83,2.61
NULL,GOOG,Alphabet,USA,Technology,NASDAQ,USD,2021-07-21,1379.09,1409.71,1347.17,1400.44,1405.37,10870395,894.55,50.59,3.03
NULL,HDFCBANK,HDFC Bank,NULL,Finance,NSE,NULL,2021-07-24,1001.79,1037.23,987.56,1030.48,1030.91,18344096,NULL,48.99,2.35
192,RELIANCE,Reliance Industries,India,Energy,NSE,INR,2021-07-27,2293.96,2296.19,2245.72,2274.51,2276.06,22998741,1711.6,44.21,7.0
193,AMZN,Amazon,USA,Retail,NASDAQ,USD,2021-07-30,1509.74,1576.41,1507.56,1556.57,1557.92,24971391,1243.22,26.18,3.97
194,META,Meta,USA,Technology,NULL,USD,2021-08-02,2417.58,2420.94,2380.09,2399.31,2400.72,34151393,1797.9,22.69,1.2
195,TM,Toyota,Japan,Automobile,TSE,JPY,2021-08-05,1031.87,1050.06,982.03,1028.64,1027.82,10683653,226.39,74.94,2.94
196,TSLA,NULL,USA,Automobile,NASDAQ,USD,2021-08-08,890.42,957.06,NULL,844.68,NULL,9343404,408.62,54.6,3.27
197,TCS,TCS,India,Technology,NSE,INR,2021-08-11,1912.84,1948.5,1858.0,1893.9,1893.2,32849245,1904.79,62.47,1.06
198,HDFCBANK,HDFC Bank,India,Finance,NSE,INR,2021-08-14,1677.03,1703.34,1659.73,NULL,NULL,12541127,NULL,59.0,0.5
199,RELIANCE,Reliance Industries,India,Energy,NSE,INR,2021-08-17,1835.72,1882.66,1823.06,1840.13,1835.76,49527424,1337.2,12.82,4.16
200,SAMSUNG,Samsung,South Korea,Technology,KRX,KRW,2021-08-20,2336.57,2367.28,2294.09,2348.36,2347.18,40977035,1114.76,56.47,4.93
201,TCS,TCS,India,Technology,NSE,INR,2021-08-23,774.45,852.79,NULL,846.47,848.64,39992251,130.82,NULL,5.32
202,NULL,Tesla,USA,Automobile,NASDAQ,USD,NULL,2038.33,2117.92,NULL,2014.11,2012.76,18133232,2110.36,11.46,2.97
NULL,INFY,Infosys,India,Technology,NULL,INR,2021-08-29,798.86,NULL,768.96,796.92,NULL,6597739,1325.59,73.0,4.5
204,HDFCBANK,HDFC Bank,NULL,Finance,NSE,INR,2021-09-01,853.79,NULL,811.57,840.48,844.67,47794157,2155.27,31.12,0.1
205,TM,Toyota,NULL,Automobile,NULL,JPY,2021-09-04,576.15,625.46,NULL,589.92,590.0,38954886,426.71,31.68,2.63
206,TSLA,Tesla,USA,Automobile,NASDAQ,USD,NULL,1167.42,NULL,1134.62,1141.22,1141.43,3877117,2986.69,52.26,6.19
207,AMZN,Amazon,USA,Retail,NASDAQ,USD,2021-09-10,794.33,867.61,778.43,840.91,836.67,34035802,1503.95,20.12,1.05
208,AAPL,Apple,USA,Technology,NASDAQ,USD,2021-09-13,2348.05,2427.79,2317.89,NULL,2354.88,NULL,1459.8,63.48,6.77
209,AMZN,Amazon,USA,Retail,NASDAQ,USD,2021-09-16,1317.26,1337.26,1293.78,1320.92,1317.96,46297346,78.84,NULL,6.39
210,GOOG,Alphabet,USA,Technology,NASDAQ,USD,2021-09-19,191.51,240.13,147.48,186.79,182.16,1477646,582.21,13.35,NULL
211,TCS,TCS,India,Technology,NSE,INR,2021-09-22,1324.24,1329.05,1317.18,1318.54,1317.16,45429194,2683.78,38.05,4.85
212,NULL,Amazon,USA,Retail,NASDAQ,USD,2021-09-25,2324.08,2335.85,2292.25,2320.54,2318.45,14635560,2025.3,27.11,5.44
213,AMZN,Amazon,USA,Retail,NASDAQ,USD,NULL,1772.96,1847.91,1718.32,1823.6,NULL,5328005,2353.96,30.59,0.57
214,GOOG,Alphabet,USA,Technology,NASDAQ,USD,2021-10-01,1465.18,1505.49,1444.24,1450.15,1445.87,16589449,1179.7,11.85,5.67
215,NULL,Infosys,India,Technology,NSE,INR,2021-10-04,2210.05,2279.44,2173.96,2174.24,2173.63,19446585,107.86,22.41,5.16
216,SAMSUNG,Samsung,South Korea,Technology,KRX,NULL,2021-10-07,1553.98,1630.82,1509.26,1588.88,1593.65,9532865,553.81,29.92,2.6
NULL,GOOG,Alphabet,USA,Technology,NASDAQ,USD,2021-10-10,1153.85,NULL,1108.79,1175.09,1174.51,11671785,1973.4,13.18,0.34
218,HDFCBANK,HDFC Bank,India,NULL,NSE,INR,NULL,2069.61,NULL,2037.12,2049.61,2047.9,33699644,1099.27,63.22,0.67
219,INFY,Infosys,India,NULL,NSE,INR,2021-10-16,2204.2,2265.75,2185.19,2242.22,2238.91,18968505,NULL,67.02,6.37
NULL,GOOG,Alphabet,USA,Technology,NASDAQ,USD,2021-10-19,684.3,756.58,640.78,703.44,704.86,47540802,2524.72,52.9,5.39
221,HDFCBANK,HDFC Bank,India,Finance,NSE,NULL,NULL,2128.5,2165.51,2098.94,2115.29,2119.65,46270861,1327.7,46.48,3.69
NULL,TM,Toyota,Japan,Automobile,TSE,JPY,2021-10-25,534.88,595.47,512.07,525.92,521.7,NULL,2792.74,48.52,5.35
223,NULL,Infosys,India,Technology,NSE,INR,2021-10-28,1620.46,1637.4,1603.06,1607.92,1608.52,19925990,1703.07,19.48,6.02
224,RELIANCE,Reliance Industries,India,NULL,NSE,INR,2021-10-31,1181.02,1214.26,1156.03,1206.35,1204.96,NULL,2082.01,9.23,3.22
225,BABA,Alibaba,China,Retail,NYSE,USD,2021-11-03,1104.88,1168.82,1070.36,1091.73,1093.79,34016065,1652.98,9.93,NULL
226,TCEHY,Tencent,China,Technology,HKEX,HKD,2021-11-06,1072.31,1085.13,1036.71,1050.92,NULL,44196662,554.8,11.75,0.0
227,GOOG,Alphabet,USA,Technology,NASDAQ,USD,2021-11-09,255.84,273.5,213.32,264.22,268.77,18913825,292.73,48.1,4.53
228,NULL,Reliance Industries,India,Energy,NSE,INR,2021-11-12,1003.42,1004.95,949.58,980.85,977.32,17539560,2569.16,32.06,4.61
229,NULL,Meta,USA,Technology,NASDAQ,USD,2021-11-15,209.05,239.0,187.66,200.77,197.07,2762142,2722.8,NULL,4.28
230,TCEHY,Tencent,China,Technology,NULL,HKD,2021-11-18,1165.49,NULL,1158.41,1184.82,1181.33,48706518,2524.26,71.07,5.79
231,GOOG,Alphabet,USA,NULL,NASDAQ,USD,2021-11-21,1614.56,1679.26,1589.99,1622.98,1620.62,47388280,2946.54,58.83,3.84
232,TCEHY,Tencent,NULL,Technology,HKEX,HKD,2021-11-24,1175.03,1219.87,1148.65,1155.33,1153.15,12350507,NULL,14.69,5.77
233,TCEHY,Tencent,China,Technology,HKEX,HKD,2021-11-27,972.22,1031.67,932.27,1023.05,1019.8,46483184,1578.73,15.96,4.41
234,TCS,TCS,India,Technology,NULL,INR,2021-11-30,590.47,667.04,582.49,627.16,624.86,1309285,1788.32,73.38,0.02
235,TSLA,Tesla,USA,Automobile,NASDAQ,USD,2021-12-03,2338.62,2387.35,2334.51,2363.55,2360.88,15810421,2095.41,10.51,5.25
NULL,TSLA,NULL,USA,NULL,NASDAQ,USD,2021-12-06,1098.5,1152.55,1069.11,NULL,1073.57,11353357,2791.73,16.99,2.67
237,HDFCBANK,HDFC Bank,India,Finance,NSE,INR,2021-12-09,675.51,728.63,648.67,716.12,716.83,NULL,895.59,72.37,6.25
238,META,Meta,USA,Technology,NASDAQ,NULL,2021-12-12,1376.79,1385.83,1358.19,1370.93,1367.67,25460077,992.23,56.89,5.56
239,AAPL,Apple,USA,Technology,NASDAQ,USD,2021-12-15,102.49,144.62,64.23,144.45,147.39,15192456,2712.08,43.34,2.25
240,META,Meta,NULL,Technology,NASDAQ,NULL,2021-12-18,1777.14,1817.28,1739.84,1761.43,1766.4,8424158,2658.97,39.24,0.49
241,BMW,NULL,Germany,Automobile,XETRA,EUR,2021-12-21,622.71,NULL,601.82,605.35,603.33,37364229,228.01,32.87,5.86
242,TCS,TCS,India,Technology,NSE,INR,2021-12-24,825.22,904.96,813.86,888.51,891.96,13366554,423.56,58.23,6.75
243,SAMSUNG,Samsung,South Korea,Technology,KRX,NULL,2021-12-27,2432.4,2457.02,2417.72,2455.32,2454.73,46630452,964.24,26.07,3.17
244,INFY,Infosys,India,Technology,NSE,INR,2021-12-30,1740.75,1817.85,1737.68,1779.77,1783.61,21306864,2539.18,NULL,6.4
245,RELIANCE,Reliance Industries,India,Energy,NSE,INR,2022-01-02,2344.32,2395.5,2336.34,2358.3,2360.14,37459049,1669.58,67.33,5.43
246,TCS,TCS,India,Technology,NSE,INR,2022-01-05,897.24,917.56,892.82,909.62,907.32,43817237,675.17,17.13,3.15
247,NULL,Alphabet,USA,Technology,NASDAQ,NULL,2022-01-08,1183.48,1189.64,1134.92,1154.03,1157.96,43790243,461.83,12.58,5.6
NULL,META,Meta,USA,Technology,NASDAQ,USD,2022-01-11,NULL,1574.55,1487.75,1565.0,1568.11,31629059,2435.75,51.32,5.7
249,GOOG,Alphabet,USA,Technology,NASDAQ,USD,NULL,2101.29,2129.2,2067.12,2078.01,2078.42,12580018,1658.13,41.47,6.44
250,TCEHY,Tencent,China,Technology,HKEX,HKD,NULL,NULL,287.96,259.76,NULL,286.11,34127222,NULL,50.6,6.78
251,AAPL,NULL,USA,NULL,NASDAQ,USD,2022-01-20,2141.84,2203.8,2130.96,2168.08,2168.4,13969528,1657.79,63.04,2.54
252,TCEHY,Tencent,China,Technology,HKEX,HKD,2022-01-23,355.01,391.02,334.36,373.32,371.74,7914651,453.34,52.14,2.29
253,MSFT,Microsoft,NULL,Technology,NASDAQ,USD,2022-01-26,NULL,447.68,424.93,428.03,429.52,13656222,626.23,47.96,1.33
254,TCEHY,Tencent,China,Technology,HKEX,HKD,2022-01-29,713.69,NULL,707.45,710.04,712.6,NULL,1627.73,34.88,1.66
255,NULL,Meta,USA,Technology,NASDAQ,USD,NULL,1419.79,1470.07,1374.21,1391.13,1392.39,22059288,2118.18,41.14,3.19
256,META,Meta,USA,Technology,NASDAQ,USD,2022-02-04,2089.45,2111.29,2084.56,2084.85,2087.72,3028330,1548.57,39.72,1.28
NULL,TCEHY,Tencent,China,NULL,HKEX,HKD,2022-02-07,1355.64,1370.86,1344.43,1351.91,1352.59,33367654,2969.18,11.52,5.07
258,AAPL,Apple,USA,Technology,NASDAQ,USD,2022-02-10,2203.87,2254.47,2173.52,2189.8,2190.3,21291572,2870.42,17.86,3.68
259,BMW,BMW,NULL,Automobile,XETRA,EUR,2022-02-13,1799.46,1841.73,1743.32,1776.74,1774.49,24261119,NULL,NULL,2.04
260,TM,Toyota,Japan,Automobile,TSE,JPY,2022-02-16,2203.57,2266.21,2183.39,NULL,2223.52,6895424,539.26,25.06,6.71
NULL,INFY,Infosys,India,Technology,NSE,INR,2022-02-19,2400.62,2425.54,NULL,2362.16,2362.32,36201286,579.0,43.64,5.09
262,META,Meta,USA,Technology,NULL,USD,2022-02-22,503.86,582.19,468.13,540.57,543.4,30527711,1654.35,22.3,1.7
263,NULL,Tencent,China,Technology,HKEX,HKD,2022-02-25,1677.38,1715.53,1626.4,1644.07,1640.79,24580651,535.14,69.06,0.2
264,META,Meta,USA,NULL,NASDAQ,USD,2022-02-28,1853.96,1873.85,1848.35,1850.35,1853.65,7244341,2833.42,12.03,6.76
NULL,GOOG,Alphabet,USA,Technology,NULL,USD,2022-03-03,895.66,927.82,886.87,905.98,909.51,15407123,1461.25,18.46,0.41
266,NULL,Microsoft,USA,Technology,NASDAQ,USD,2022-03-06,1330.54,1354.64,1313.19,1332.03,1334.06,39053201,1271.67,22.71,5.2
267,GOOG,Alphabet,USA,Technology,NASDAQ,USD,2022-03-09,766.13,830.55,738.61,757.52,761.9,45042615,2978.11,39.17,4.31
268,INFY,Infosys,India,Technology,NSE,INR,2022-03-12,1773.84,1789.74,1716.42,1748.71,1745.58,17636735,1336.11,57.49,2.8
269,TSLA,Tesla,USA,NULL,NULL,NULL,2022-03-15,1789.75,1815.34,1766.14,1780.89,1776.87,NULL,NULL,NULL,4.66
270,MSFT,Microsoft,USA,Technology,NASDAQ,USD,2022-03-18,NULL,1978.52,1916.99,1973.93,1976.33,36989731,2272.56,NULL,6.28
271,GOOG,Alphabet,USA,Technology,NASDAQ,USD,2022-03-21,1199.37,1203.61,1160.1,1167.14,1171.31,13098629,2551.27,66.78,2.72
272,META,Meta,USA,Technology,NASDAQ,USD,2022-03-24,2422.89,2487.19,2418.19,2483.15,2484.55,29430105,2592.94,49.17,4.33
273,RELIANCE,Reliance Industries,India,Energy,NSE,INR,NULL,1401.86,1472.35,1353.51,1412.55,1408.17,45071209,NULL,17.73,2.46
274,SAMSUNG,Samsung,South Korea,Technology,KRX,KRW,NULL,1460.41,1510.33,1422.4,NULL,1437.76,35744089,2340.82,22.62,2.65
275,INFY,Infosys,NULL,Technology,NSE,INR,2022-04-02,956.45,960.27,946.03,949.74,951.94,49368761,1092.34,16.79,NULL
276,META,Meta,USA,Technology,NASDAQ,USD,2022-04-05,1963.54,1992.4,1955.56,1991.49,1995.18,43849011,2844.92,53.96,NULL
277,NULL,Reliance Industries,India,Energy,NSE,NULL,2022-04-08,1273.94,1278.01,1259.23,NULL,1267.0,34432285,367.42,60.71,0.56
278,BABA,Alibaba,China,Retail,NYSE,USD,NULL,NULL,697.08,NULL,NULL,637.13,32858466,1689.58,70.08,5.38
279,BMW,BMW,Germany,NULL,XETRA,NULL,2022-04-14,325.26,400.18,313.31,379.66,NULL,19632152,NULL,12.16,4.51
280,GOOG,Alphabet,USA,Technology,NASDAQ,USD,2022-04-17,2381.99,2399.85,2375.08,2386.65,2384.3,44722803,2468.5,24.26,2.23
281,GOOG,Alphabet,USA,Technology,NASDAQ,USD,2022-04-20,214.37,253.69,201.26,218.43,219.27,44396179,1971.8,65.74,5.96
282,META,Meta,NULL,Technology,NASDAQ,USD,2022-04-23,316.22,377.45,313.19,351.65,348.99,34661260,NULL,55.27,1.02
283,HDFCBANK,NULL,India,Finance,NSE,INR,2022-04-26,NULL,2256.38,2142.69,NULL,2241.65,7930371,513.93,7.03,2.86
284,BMW,BMW,Germany,NULL,XETRA,EUR,2022-04-29,681.01,756.62,672.0,746.02,743.82,25883373,2490.88,11.95,6.07
NULL,GOOG,Alphabet,USA,Technology,NASDAQ,USD,2022-05-02,2287.37,2330.92,2264.12,2276.23,2276.93,43725082,1986.96,NULL,0.18
NULL,BMW,BMW,Germany,Automobile,XETRA,EUR,2022-05-05,1239.5,1299.6,1217.86,1287.56,1286.49,17357645,NULL,35.84,2.0
287,MSFT,Microsoft,USA,Technology,NASDAQ,USD,2022-05-08,2176.46,2249.25,2137.5,2234.23,2232.39,12403948,2960.33,24.17,3.11
288,TM,Toyota,Japan,Automobile,TSE,NULL,2022-05-11,590.39,626.0,547.14,617.99,620.32,30303776,1637.82,60.18,2.28
289,NULL,Toyota,Japan,Automobile,TSE,JPY,NULL,316.58,382.59,306.18,364.64,363.97,26164538,2185.19,36.62,5.3
290,TSLA,Tesla,USA,Automobile,NASDAQ,USD,2022-05-17,952.68,NULL,917.12,961.58,965.55,48464723,1947.48,NULL,NULL
NULL,BABA,Alibaba,China,Retail,NYSE,USD,2022-05-20,664.05,732.46,NULL,NULL,719.98,NULL,2675.69,45.84,4.0
292,NULL,BMW,Germany,Automobile,XETRA,EUR,NULL,1671.43,1674.2,1614.97,1640.46,1638.38,3808833,1571.71,26.66,5.06
293,BABA,Alibaba,NULL,Retail,NYSE,USD,2022-05-26,1276.97,1308.64,1253.86,1288.83,NULL,NULL,1644.96,39.51,4.02
294,HDFCBANK,HDFC Bank,India,Finance,NSE,INR,2022-05-29,1770.55,1794.09,1749.25,1754.37,1757.65,45175806,1926.34,NULL,4.92
295,META,NULL,USA,Technology,NULL,USD,2022-06-01,2480.22,2524.98,2442.0,2508.21,2511.24,24595959,1621.64,64.55,3.01
296,TM,Toyota,NULL,Automobile,TSE,JPY,2022-06-04,1840.28,1884.21,NULL,1823.44,NULL,24709785,2355.21,32.92,5.18
297,AMZN,Amazon,USA,Retail,NASDAQ,USD,2022-06-07,366.17,436.46,336.96,422.79,426.58,10338134,1558.02,26.52,5.11
298,TSLA,Tesla,USA,Automobile,NASDAQ,USD,NULL,1219.56,1238.85,1167.49,1175.81,1173.67,42285413,45.64,NULL,1.08
299,AAPL,Apple,NULL,Technology,NASDAQ,USD,NULL,604.74,647.07,594.98,608.49,613.18,14614838,1449.02,38.46,NULL
300,INFY,Infosys,India,Technology,NSE,INR,NULL,637.18,685.95,596.39,662.78,658.04,25032715,162.45,16.17,4.18
301,SAMSUNG,Samsung,South Korea,Technology,NULL,NULL,2022-06-19,2295.57,2340.22,2282.39,2301.52,2302.08,41444616,993.5,NULL,0.8
302,AAPL,Apple,USA,Technology,NASDAQ,USD,2022-06-22,405.91,458.5,383.16,438.16,434.24,45999550,1125.15,69.88,0.54
303,AMZN,Amazon,USA,Retail,NASDAQ,USD,2022-06-25,1289.46,1350.78,1234.06,1323.31,1324.57,12498873,NULL,52.75,4.58
304,NULL,NULL,India,Technology,NSE,INR,2022-06-28,1333.53,1395.89,1317.65,NULL,1335.83,19936116,1942.04,54.88,2.55
NULL,NULL,Microsoft,USA,Technology,NASDAQ,USD,2022-07-01,362.9,400.0,359.72,394.44,NULL,40589853,2221.56,52.75,3.04
NULL,INFY,Infosys,India,Technology,NSE,INR,2022-07-04,677.93,719.02,629.13,698.97,NULL,16716098,1951.64,7.57,5.52
307,TCS,TCS,India,Technology,NSE,INR,2022-07-07,188.65,256.24,175.15,203.16,206.75,18101850,2710.2,NULL,1.5
NULL,MSFT,Microsoft,USA,Technology,NASDAQ,USD,2022-07-10,76.55,155.12,29.34,NULL,98.14,1538409,2192.76,37.89,5.9
309,GOOG,Alphabet,USA,Technology,NASDAQ,USD,2022-07-13,349.57,386.54,320.53,381.12,381.51,35166314,476.65,72.55,1.38
310,BMW,BMW,NULL,Automobile,XETRA,EUR,2022-07-16,603.99,674.85,575.33,656.38,656.72,3281189,1434.52,65.83,4.9
311,TSLA,Tesla,USA,Automobile,NASDAQ,USD,2022-07-19,1299.42,1377.98,1261.26,1280.66,NULL,49653623,1202.69,12.99,1.33
312,BMW,BMW,Germany,Automobile,XETRA,EUR,2022-07-22,1606.71,1671.64,1598.56,1607.83,1612.32,24102616,2791.5,48.71,3.82
313,AAPL,Apple,USA,Technology,NASDAQ,USD,2022-07-25,1841.05,1865.07,1815.42,1822.45,1822.27,11722393,1670.1,52.38,0.48
314,TSLA,NULL,USA,Automobile,NASDAQ,NULL,2022-07-28,2040.05,2071.97,2002.2,2016.46,NULL,13291794,1784.56,63.42,6.89
315,META,Meta,USA,Technology,NASDAQ,USD,2022-07-31,237.29,239.77,217.86,222.93,222.0,30703005,469.02,58.39,5.31
316,AAPL,Apple,USA,NULL,NASDAQ,USD,2022-08-03,1862.84,1910.42,1839.12,1856.05,1860.21,36204232,1065.43,52.34,1.61
317,GOOG,NULL,USA,Technology,NASDAQ,USD,2022-08-06,2020.84,2076.39,1986.03,1986.98,1989.99,13742922,622.53,30.85,3.7
318,BABA,Alibaba,China,Retail,NYSE,USD,2022-08-09,791.05,795.95,755.57,761.44,765.07,49708043,2773.48,36.45,1.54
319,GOOG,Alphabet,USA,Technology,NASDAQ,NULL,2022-08-12,1417.67,1477.09,1360.59,1395.46,1398.29,30926407,2331.28,66.11,0.95
320,TSLA,Tesla,USA,NULL,NASDAQ,USD,2022-08-15,NULL,2215.64,2138.36,2145.34,2145.65,15007291,NULL,NULL,2.2
321,TCEHY,Tencent,China,Technology,HKEX,HKD,2022-08-18,836.53,911.51,812.17,854.61,NULL,27596906,2077.62,54.43,1.02
322,AMZN,Amazon,USA,Retail,NASDAQ,USD,2022-08-21,1680.75,1760.71,1647.86,1683.32,1678.39,8244908,843.8,NULL,3.83
323,SAMSUNG,Samsung,South Korea,Technology,NULL,KRW,2022-08-24,1688.48,1701.17,1667.59,1698.82,1698.69,35841377,NULL,NULL,0.92
324,META,Meta,USA,Technology,NASDAQ,USD,2022-08-27,2006.82,2029.46,1957.21,1985.62,1987.88,33840631,59.36,25.03,2.73
NULL,INFY,Infosys,India,Technology,NSE,INR,2022-08-30,1264.49,1276.56,1229.44,1259.49,1261.96,NULL,641.35,55.9,5.98
326,BMW,BMW,Germany,Automobile,XETRA,EUR,2022-09-02,355.86,400.91,352.16,NULL,370.07,14739822,1127.56,10.64,2.85
327,BABA,Alibaba,China,Retail,NYSE,USD,2022-09-05,1515.72,1571.66,1487.71,1565.24,1568.52,15760253,2791.23,42.15,4.27
328,AAPL,NULL,USA,Technology,NASDAQ,USD,2022-09-08,256.03,314.38,250.9,310.94,309.03,36638801,2743.35,72.82,4.09
329,AAPL,Apple,USA,Technology,NASDAQ,USD,2022-09-11,NULL,231.37,183.37,195.55,199.79,30993599,802.05,26.31,0.47
330,BMW,BMW,Germany,Automobile,XETRA,EUR,2022-09-14,1784.01,NULL,1738.22,1769.75,1772.41,1670761,521.55,9.4,6.81
331,AMZN,Amazon,USA,Retail,NASDAQ,USD,2022-09-17,190.14,NULL,134.82,175.22,178.11,1456603,2159.64,64.84,6.21
332,INFY,Infosys,India,Technology,NSE,NULL,2022-09-20,2109.8,2181.06,NULL,2118.12,2121.98,49101210,2157.86,41.9,2.74
333,RELIANCE,Reliance Industries,India,Energy,NSE,NULL,2022-09-23,2101.81,2134.26,2048.95,NULL,2121.15,38938962,612.3,57.01,5.46
334,TCEHY,Tencent,China,NULL,HKEX,HKD,2022-09-26,1408.43,1487.56,NULL,1407.38,1409.53,28072120,2190.92,33.23,5.0
335,INFY,Infosys,India,Technology,NSE,INR,2022-09-29,1648.91,NULL,1623.61,1665.72,1670.58,41701549,2896.28,40.25,6.29
336,NULL,Alibaba,China,Retail,NYSE,USD,2022-10-02,368.41,437.01,334.73,412.49,411.43,14220102,608.52,52.58,4.1
337,META,Meta,USA,Technology,NULL,USD,NULL,1390.07,1410.66,1338.63,1341.33,1338.41,6628000,2688.94,56.9,6.44
338,BMW,BMW,Germany,NULL,XETRA,EUR,2022-10-08,2341.16,NULL,2291.98,2311.32,2315.02,23338579,604.51,43.33,5.37
339,RELIANCE,Reliance Industries,NULL,Energy,NSE,INR,2022-10-11,1257.72,1293.34,1245.57,1275.63,1274.99,40265447,1326.89,44.39,0.57
340,NULL,NULL,China,Technology,HKEX,HKD,2022-10-14,711.16,713.73,675.46,713.49,715.49,33510014,310.11,54.25,3.49
341,SAMSUNG,Samsung,NULL,Technology,KRX,KRW,2022-10-17,985.88,1025.96,NULL,1009.46,1008.51,NULL,690.35,24.39,0.5
342,TCEHY,Tencent,China,Technology,HKEX,HKD,2022-10-20,1119.81,1179.87,1115.96,1165.18,1165.04,36755400,1947.53,70.54,NULL
343,BABA,Alibaba,China,Retail,NYSE,USD,2022-10-23,NULL,1642.24,1601.32,1607.71,1608.5,8266411,1740.36,60.98,5.87
344,HDFCBANK,HDFC Bank,India,Finance,NSE,INR,2022-10-26,2015.78,2054.97,1974.31,1978.77,1977.71,2659307,331.95,19.29,2.42
345,MSFT,Microsoft,USA,Technology,NASDAQ,USD,NULL,NULL,2379.85,2244.3,2258.28,2257.98,6893214,808.76,33.02,1.12
346,SAMSUNG,Samsung,South Korea,Technology,KRX,KRW,2022-11-01,405.67,449.44,361.39,368.49,365.26,13373776,2905.94,7.98,6.62
347,MSFT,Microsoft,USA,Technology,NULL,USD,2022-11-04,766.29,843.34,764.16,777.3,773.77,31523086,NULL,32.0,2.9
348,TCEHY,Tencent,China,Technology,NULL,NULL,2022-11-07,NULL,2446.65,2395.26,2439.99,2435.09,13452492,1428.08,60.35,0.95
349,AAPL,Apple,USA,NULL,NASDAQ,USD,2022-11-10,547.16,566.9,532.16,552.92,551.46,10214691,1658.55,NULL,0.16
NULL,RELIANCE,NULL,India,Energy,NULL,INR,2022-11-13,837.01,847.16,791.48,798.46,795.52,38050555,271.07,40.15,4.56
351,SAMSUNG,Samsung,South Korea,NULL,KRX,KRW,2022-11-16,1313.38,1332.42,1267.75,1288.91,1292.09,48502181,1516.66,64.45,6.79
352,META,NULL,USA,Technology,NASDAQ,USD,2022-11-19,180.4,NULL,157.95,161.31,159.75,14273086,1718.73,74.66,6.07
353,META,Meta,USA,Technology,NASDAQ,NULL,2022-11-22,1904.49,1913.38,1894.41,NULL,1916.15,26729747,NULL,50.53,5.36
354,RELIANCE,Reliance Industries,India,NULL,NSE,INR,2022-11-25,2315.32,2333.16,2257.69,2331.26,2335.36,49644972,688.0,21.77,1.06
355,TM,Toyota,Japan,Automobile,TSE,JPY,2022-11-28,519.23,526.07,485.62,512.3,513.46,9319736,214.47,55.68,4.0
356,TCEHY,Tencent,China,Technology,HKEX,HKD,2022-12-01,1432.35,1498.71,1421.92,1458.85,1460.97,15822998,NULL,13.65,NULL
357,BABA,Alibaba,China,Retail,NYSE,USD,2022-12-04,NULL,427.06,320.14,359.37,363.85,16199449,2829.58,35.91,0.76
NULL,RELIANCE,Reliance Industries,India,Energy,NSE,INR,2022-12-07,1105.77,1115.06,NULL,1086.2,1084.17,34108799,2958.11,7.51,1.81
359,INFY,Infosys,India,Technology,NSE,INR,2022-12-10,2254.63,2283.32,2227.88,2271.07,2266.99,22604779,2887.24,30.34,1.88
360,MSFT,Microsoft,USA,Technology,NASDAQ,USD,2022-12-13,1557.6,1572.37,1499.46,NULL,1524.83,39220503,1008.33,39.13,6.47
361,TCS,TCS,India,Technology,NSE,INR,NULL,657.17,733.79,637.04,716.72,NULL,NULL,NULL,50.1,3.59
362,AAPL,Apple,USA,Technology,NASDAQ,USD,2022-12-19,2431.2,2463.94,NULL,2434.4,2435.53,32091569,815.81,NULL,2.9
363,GOOG,Alphabet,USA,Technology,NASDAQ,NULL,2022-12-22,2499.03,2545.38,2447.16,2486.21,2486.46,21091980,929.19,54.01,2.77
364,SAMSUNG,Samsung,South Korea,NULL,KRX,KRW,2022-12-25,2388.29,2459.31,2381.11,2401.94,2406.21,2467521,2174.84,17.28,3.25
365,AMZN,Amazon,USA,NULL,NASDAQ,NULL,2022-12-28,422.72,475.84,405.07,472.57,NULL,8074199,1694.21,73.74,NULL
NULL,NULL,Alphabet,USA,Technology,NULL,USD,NULL,1234.23,1235.55,1183.13,1220.98,1224.41,29588544,NULL,32.33,3.13
367,GOOG,Alphabet,USA,Technology,NASDAQ,USD,NULL,1615.43,1672.1,NULL,1603.78,1602.57,32108218,2020.99,69.15,0.6
368,TCS,TCS,India,Technology,NSE,NULL,2023-01-06,334.5,338.82,330.04,330.8,332.29,48558588,2060.03,40.17,0.28
369,INFY,Infosys,India,Technology,NSE,INR,NULL,1240.06,1251.25,1228.57,1229.64,1225.04,33430947,1640.39,63.1,6.31
370,INFY,Infosys,India,Technology,NSE,INR,2023-01-12,294.17,NULL,262.33,289.4,293.11,28614781,2057.93,9.25,4.19
371,TCS,TCS,India,Technology,NSE,INR,2023-01-15,567.15,628.1,526.16,589.8,591.47,28161403,1631.8,56.19,0.88
NULL,BABA,Alibaba,China,Retail,NYSE,USD,2023-01-18,1268.32,1295.89,1220.7,1272.83,1270.99,41566342,757.76,NULL,NULL
373,TSLA,Tesla,USA,Automobile,NASDAQ,USD,2023-01-21,1126.25,1127.65,1068.92,1124.77,1122.27,15579907,1362.07,16.75,3.67
374,GOOG,Alphabet,USA,Technology,NASDAQ,USD,NULL,421.01,487.96,406.83,428.58,432.42,45441909,2885.31,51.75,NULL
375,NULL,BMW,Germany,Automobile,XETRA,EUR,NULL,2486.84,2548.41,2465.51,NULL,2543.52,39984784,675.82,57.67,4.53
376,AAPL,Apple,NULL,Technology,NASDAQ,USD,2023-01-30,2425.45,NULL,2373.5,NULL,2415.29,28775560,2228.2,NULL,1.94
377,TSLA,Tesla,USA,Automobile,NASDAQ,USD,2023-02-02,1158.46,1224.68,1144.65,1198.02,1199.49,NULL,88.73,43.43,2.42
378,TM,Toyota,Japan,Automobile,TSE,JPY,NULL,1613.5,1639.41,1565.36,1615.65,1613.92,47345218,2345.67,NULL,NULL
379,SAMSUNG,Samsung,NULL,Technology,KRX,KRW,2023-02-08,1348.84,1391.28,NULL,1365.41,NULL,16457207,726.83,51.14,5.22
380,INFY,Infosys,India,Technology,NSE,INR,2023-02-11,1643.93,1710.18,1639.81,1706.93,1702.18,44594833,1473.35,58.84,5.85
381,INFY,Infosys,NULL,Technology,NSE,INR,2023-02-14,763.04,810.52,735.71,744.07,740.76,9094231,2036.72,63.57,5.17
382,SAMSUNG,NULL,South Korea,NULL,KRX,KRW,2023-02-17,1641.91,1679.38,1582.36,1638.85,1639.18,14436180,2759.13,NULL,4.17
383,NULL,Samsung,South Korea,NULL,KRX,NULL,NULL,994.59,1039.99,955.36,967.19,971.65,19511051,656.0,25.16,1.28
384,SAMSUNG,Samsung,South Korea,Technology,KRX,KRW,2023-02-23,1588.13,1625.96,1564.69,1615.54,1618.87,45486052,1617.87,18.73,6.44
385,META,Meta,USA,Technology,NASDAQ,USD,2023-02-26,NULL,1122.02,1017.84,1092.76,1097.55,20334124,2537.83,16.75,2.32
386,TSLA,Tesla,USA,Automobile,NASDAQ,USD,NULL,2283.48,NULL,2271.38,2280.77,2278.78,31292348,2235.91,74.33,4.51
387,RELIANCE,Reliance Industries,NULL,Energy,NSE,INR,2023-03-04,987.73,1054.05,983.76,985.38,988.2,36601670,433.18,23.06,4.66
388,MSFT,Microsoft,USA,Technology,NASDAQ,USD,NULL,NULL,407.49,300.13,NULL,347.7,NULL,2193.87,14.77,4.62
389,SAMSUNG,Samsung,South Korea,NULL,KRX,KRW,2023-03-10,2251.87,2308.85,2215.31,2216.58,NULL,45177516,190.86,44.26,5.02
390,SAMSUNG,Samsung,South Korea,Technology,KRX,KRW,2023-03-13,1465.08,1523.18,1447.88,1466.22,1461.39,26307606,1302.67,15.54,5.79
391,AMZN,Amazon,USA,NULL,NASDAQ,USD,2023-03-16,2465.31,2498.86,2414.56,2460.85,2459.51,28220466,2291.13,66.71,3.46
392,BABA,Alibaba,China,Retail,NYSE,USD,2023-03-19,1056.31,1098.15,1043.03,1057.83,1053.18,7425528,851.59,54.59,2.88
NULL,BMW,BMW,Germany,Automobile,XETRA,EUR,2023-03-22,1101.27,1171.18,1080.82,1103.2,1107.29,9662301,1870.77,58.11,3.67
394,RELIANCE,Reliance Industries,India,Energy,NSE,INR,2023-03-25,1601.6,1657.87,1577.84,1625.07,1627.49,5952714,1225.79,50.74,4.29
395,HDFCBANK,HDFC Bank,NULL,Finance,NSE,INR,NULL,727.46,762.9,684.29,739.36,739.85,14555493,671.92,20.74,NULL
396,GOOG,NULL,USA,Technology,NASDAQ,USD,2023-03-31,1312.04,1330.58,1286.51,1315.73,1316.25,2071545,960.85,60.94,1.53
397,SAMSUNG,Samsung,NULL,Technology,NULL,KRW,2023-04-03,2128.08,2141.92,2075.42,2088.68,NULL,9351766,2715.62,45.95,2.5
398,RELIANCE,Reliance Industries,India,Energy,NSE,INR,2023-04-06,2079.06,2159.01,2049.62,2102.95,NULL,33370208,2896.86,56.92,3.87
399,BABA,Alibaba,China,Retail,NYSE,USD,2023-04-09,1246.31,1281.55,1203.52,1204.8,1208.87,39441228,1361.85,30.06,2.92
400,AAPL,NULL,USA,Technology,NASDAQ,USD,2023-04-12,866.25,868.83,840.33,845.25,845.48,22804385,2163.29,35.19,4.67
401,RELIANCE,Reliance Industries,India,Energy,NSE,INR,NULL,2224.07,2291.85,2211.93,2256.34,2255.62,47539488,1051.98,48.75,6.34
402,NULL,Reliance Industries,India,Energy,NSE,INR,2023-04-18,75.97,92.8,33.02,65.22,66.05,8680892,2588.77,NULL,NULL
403,TCEHY,Tencent,China,NULL,HKEX,HKD,2023-04-21,1424.72,1466.09,1365.9,1438.66,1440.6,NULL,1937.84,40.52,NULL
404,SAMSUNG,Samsung,South Korea,Technology,KRX,KRW,NULL,50.56,97.72,-7.37,29.96,32.95,40243940,1226.82,54.67,3.22
405,BMW,BMW,NULL,Automobile,XETRA,EUR,2023-04-27,1404.03,1473.44,1371.9,1403.75,1406.88,NULL,NULL,48.37,4.91
406,BMW,BMW,Germany,Automobile,XETRA,EUR,2023-04-30,1447.74,1502.83,1398.67,1437.55,1438.52,48092677,44.9,35.47,2.64
407,INFY,Infosys,India,Technology,NSE,INR,2023-05-03,2372.09,2381.71,2314.72,2337.55,2340.48,NULL,130.86,56.89,3.78
408,SAMSUNG,Samsung,South Korea,Technology,KRX,KRW,2023-05-06,1236.25,1253.64,1228.43,1247.73,1252.66,41817582,NULL,11.93,1.24
409,SAMSUNG,Samsung,South Korea,Technology,KRX,KRW,2023-05-09,1831.91,1879.22,1781.22,NULL,1801.35,28420634,710.66,71.27,0.48
NULL,TSLA,Tesla,USA,Automobile,NASDAQ,USD,2023-05-12,2132.42,2189.01,2092.94,2112.27,2108.42,20109192,2886.08,42.99,5.34
411,GOOG,Alphabet,USA,Technology,NASDAQ,USD,NULL,1513.14,1522.42,1472.57,1489.13,NULL,4382373,2615.19,36.6,5.64
412,RELIANCE,Reliance Industries,India,Energy,NSE,INR,2023-05-18,1223.04,1296.04,1206.2,NULL,NULL,22264367,322.9,NULL,NULL
413,AAPL,NULL,USA,Technology,NASDAQ,USD,2023-05-21,171.0,216.19,NULL,192.93,194.84,NULL,1539.87,8.41,1.97
NULL,TSLA,Tesla,USA,Automobile,NASDAQ,USD,2023-05-24,943.46,1007.03,931.17,952.84,948.69,37184860,1745.8,55.28,1.39
415,META,Meta,USA,Technology,NASDAQ,USD,2023-05-27,2054.55,2119.92,2012.62,2041.34,2042.61,25326060,1914.42,53.01,0.71
416,AMZN,Amazon,USA,Retail,NASDAQ,USD,2023-05-30,807.42,817.88,789.6,798.86,801.04,10051449,NULL,61.13,1.98
417,TM,Toyota,Japan,Automobile,TSE,JPY,NULL,1779.88,1801.87,1774.26,1775.95,1779.65,22022023,1020.43,NULL,0.26
418,INFY,Infosys,India,Technology,NSE,INR,NULL,179.77,194.08,141.9,184.94,188.55,5582204,1552.58,24.51,5.55
419,MSFT,Microsoft,NULL,Technology,NASDAQ,USD,2023-06-08,NULL,1016.99,962.93,984.44,981.12,4152919,393.21,66.54,NULL
420,BMW,BMW,Germany,NULL,XETRA,EUR,2023-06-11,1858.97,1897.27,1844.06,1849.51,1854.34,30018938,867.44,72.07,4.05
421,TM,Toyota,NULL,Automobile,TSE,JPY,2023-06-14,NULL,592.36,509.6,540.1,544.55,30238514,1092.07,18.18,2.34
422,BABA,Alibaba,China,Retail,NYSE,USD,2023-06-17,827.0,901.81,803.16,807.53,807.98,11834719,NULL,22.39,4.87
NULL,AMZN,Amazon,USA,Retail,NASDAQ,NULL,2023-06-20,1984.36,2037.09,1949.45,2021.19,2022.05,38360824,2400.2,53.7,0.12
424,SAMSUNG,Samsung,South Korea,Technology,NULL,KRW,2023-06-23,2044.88,2092.02,1992.0,2078.63,2074.63,33710857,1662.83,64.54,2.97
425,RELIANCE,Reliance Industries,India,Energy,NSE,INR,2023-06-26,884.08,941.57,860.71,NULL,879.34,17024792,552.28,26.03,5.7
426,SAMSUNG,Samsung,NULL,Technology,KRX,KRW,2023-06-29,1851.94,1926.72,1809.06,1904.86,1904.09,16761314,124.94,73.12,NULL
427,AAPL,Apple,USA,Technology,NASDAQ,USD,2023-07-02,NULL,2197.87,2090.44,2141.57,2140.52,24048805,2353.94,20.08,3.94
428,SAMSUNG,Samsung,South Korea,Technology,KRX,KRW,2023-07-05,NULL,1813.16,1710.57,1789.72,1787.41,24752644,2789.91,NULL,4.57
429,NULL,Reliance Industries,India,Energy,NSE,INR,2023-07-08,511.85,NULL,509.0,NULL,566.85,17746580,1104.42,46.71,2.26
430,NULL,Infosys,NULL,Technology,NSE,INR,2023-07-11,1691.0,1710.86,1653.01,1678.29,1679.9,NULL,NULL,12.51,4.64
431,NULL,Apple,USA,Technology,NASDAQ,USD,2023-07-14,1135.3,1140.03,1125.89,1128.96,1128.67,1720676,2887.53,29.21,2.63
432,MSFT,Microsoft,USA,Technology,NASDAQ,USD,2023-07-17,2392.41,NULL,2388.05,2418.93,2416.57,45098385,NULL,56.81,3.83
433,AAPL,Apple,USA,Technology,NULL,NULL,2023-07-20,1855.37,1865.72,NULL,1838.52,NULL,31464770,NULL,73.89,1.23
434,HDFCBANK,HDFC Bank,India,Finance,NSE,INR,2023-07-23,585.79,629.64,582.5,620.47,624.59,37672250,1809.83,65.28,5.22
NULL,BABA,Alibaba,China,Retail,NYSE,USD,2023-07-26,965.89,972.4,908.79,967.5,967.36,14979574,1981.28,12.06,0.45
436,TCEHY,Tencent,China,Technology,HKEX,HKD,2023-07-29,2284.7,2305.47,NULL,2241.08,2236.17,35732795,2072.13,55.79,0.11
437,SAMSUNG,Samsung,South Korea,Technology,NULL,KRW,2023-08-01,1899.22,1910.96,1878.03,1901.1,NULL,34426618,1086.71,36.03,5.92
438,RELIANCE,Reliance Industries,India,Energy,NSE,INR,2023-08-04,213.66,NULL,184.57,200.39,198.71,20432833,902.09,5.66,5.01
NULL,TM,Toyota,Japan,Automobile,TSE,JPY,2023-08-07,NULL,875.97,850.83,868.14,872.54,22825895,1418.98,15.41,2.05
440,TSLA,Tesla,USA,Automobile,NASDAQ,USD,2023-08-10,427.6,489.57,373.0,414.31,409.89,30199407,1666.44,30.53,5.96
441,NULL,Alphabet,USA,NULL,NASDAQ,USD,2023-08-13,1788.49,1795.32,1763.88,1781.06,1778.27,42146608,2245.89,53.0,2.88
442,MSFT,NULL,USA,Technology,NASDAQ,USD,2023-08-16,2085.1,2103.56,2066.17,NULL,2098.11,35635639,1020.1,5.27,4.61
NULL,META,Meta,USA,NULL,NASDAQ,USD,2023-08-19,NULL,1251.01,1160.14,1187.83,NULL,18493906,1061.55,6.49,1.65
444,TCEHY,NULL,NULL,NULL,HKEX,HKD,NULL,763.85,NULL,705.82,728.05,724.28,16202002,1097.44,67.77,6.35
445,AMZN,Amazon,USA,Retail,NASDAQ,USD,2023-08-25,2218.81,2233.7,2200.14,NULL,2204.37,17065766,1207.62,35.7,5.97
446,AMZN,Amazon,USA,Retail,NASDAQ,USD,2023-08-28,NULL,NULL,1746.94,1838.06,1835.96,13756681,2169.56,66.23,1.36
447,INFY,Infosys,India,NULL,NSE,INR,2023-08-31,2463.56,2539.27,2442.36,2502.25,2506.38,47734654,1874.33,24.17,NULL
448,TM,Toyota,Japan,Automobile,TSE,JPY,2023-09-03,486.18,NULL,435.34,518.59,516.35,23974998,448.59,23.49,1.67
449,BMW,BMW,NULL,Automobile,XETRA,EUR,2023-09-06,952.5,976.43,950.56,970.99,968.2,2425715,2522.49,54.56,2.24
450,AMZN,Amazon,USA,Retail,NULL,USD,NULL,1160.57,1239.88,1116.33,NULL,1186.45,5828772,442.86,32.7,0.43
451,TM,Toyota,Japan,Automobile,TSE,JPY,2023-09-12,1549.33,1588.62,1540.11,NULL,1561.92,30319209,2459.22,60.13,4.81
452,TSLA,Tesla,USA,Automobile,NASDAQ,USD,2023-09-15,2019.82,2056.53,1984.22,2036.5,2036.88,1887351,847.38,NULL,0.26
453,NULL,HDFC Bank,India,Finance,NULL,INR,2023-09-18,1276.53,1355.1,1238.96,1349.23,1344.52,41605631,1644.12,60.41,3.34
454,AMZN,Amazon,USA,Retail,NASDAQ,USD,2023-09-21,1471.03,1496.06,1463.77,1476.36,NULL,44403757,841.17,51.75,6.01
455,AMZN,Amazon,USA,Retail,NASDAQ,USD,2023-09-24,2095.81,2163.26,2088.12,2121.77,2122.94,43078606,2962.42,55.42,4.01
456,SAMSUNG,Samsung,South Korea,Technology,NULL,NULL,2023-09-27,604.8,618.44,595.52,607.28,610.28,49667918,1491.52,58.75,1.58
457,TM,Toyota,Japan,NULL,TSE,JPY,2023-09-30,2282.29,2334.31,2227.88,NULL,2322.67,8293866,NULL,47.12,2.91
458,TSLA,Tesla,NULL,Automobile,NASDAQ,USD,2023-10-03,1904.65,NULL,NULL,1900.21,1903.55,13570902,1126.48,73.69,2.95
459,SAMSUNG,Samsung,South Korea,Technology,NULL,KRW,2023-10-06,2476.92,2548.47,NULL,2531.53,2530.72,30541262,1912.18,49.74,NULL
NULL,TSLA,Tesla,USA,Automobile,NULL,USD,2023-10-09,862.77,872.67,842.0,868.87,872.1,39719785,1848.26,31.61,0.46
461,TCEHY,Tencent,NULL,Technology,HKEX,HKD,2023-10-12,1448.94,1459.25,1415.23,1454.29,1451.9,15315313,253.21,30.79,3.35
462,AMZN,Amazon,USA,Retail,NASDAQ,USD,2023-10-15,2307.24,2355.49,NULL,2340.93,2339.48,45591133,NULL,43.92,0.65
463,INFY,Infosys,India,Technology,NSE,NULL,2023-10-18,2288.72,2300.12,2278.06,2285.33,2282.78,49570711,1069.85,16.42,6.64
464,NULL,HDFC Bank,India,Finance,NSE,INR,NULL,NULL,2559.84,2494.45,2519.86,2521.53,36638295,2397.59,58.65,6.59
465,BABA,Alibaba,China,Retail,NYSE,USD,2023-10-24,597.28,612.47,545.49,571.48,569.55,16350451,119.11,48.39,2.38
466,RELIANCE,Reliance Industries,India,Energy,NSE,INR,2023-10-27,1088.52,1121.61,1061.04,NULL,1077.5,NULL,2375.41,67.68,NULL
467,BMW,BMW,Germany,Automobile,XETRA,EUR,2023-10-30,1478.31,1510.47,NULL,1449.51,1451.42,47483795,2034.11,5.89,3.12
468,TSLA,Tesla,USA,NULL,NASDAQ,USD,2023-11-02,1353.93,NULL,1343.9,1373.99,1373.81,21064934,874.93,26.51,0.43
469,AAPL,Apple,USA,Technology,NASDAQ,USD,2023-11-05,712.08,754.87,678.41,691.0,688.11,26551288,2369.48,43.64,6.42
470,AAPL,Apple,USA,Technology,NASDAQ,USD,2023-11-08,252.66,306.88,201.96,233.71,230.76,5107441,1534.88,37.46,4.97
471,NULL,TCS,India,Technology,NSE,INR,2023-11-11,2251.18,2314.69,2214.66,2277.93,2274.88,4757685,287.18,63.97,5.59
472,NULL,Infosys,India,Technology,NSE,INR,NULL,360.95,432.19,NULL,420.26,418.72,35819478,2107.8,17.44,6.66
473,NULL,NULL,India,Technology,NSE,INR,2023-11-17,312.96,389.63,298.17,384.49,387.96,5242461,1438.44,31.59,6.71
474,NULL,Apple,USA,Technology,NASDAQ,USD,2023-11-20,598.79,620.61,556.84,NULL,622.96,NULL,1568.99,NULL,5.25
475,TSLA,Tesla,USA,Automobile,NASDAQ,NULL,NULL,196.74,266.53,147.44,155.79,151.97,34563120,616.14,8.55,5.84
476,HDFCBANK,HDFC Bank,India,Finance,NSE,INR,2023-11-26,1257.45,1334.54,1209.43,1277.21,1281.09,33829004,2765.85,23.92,4.51
477,BABA,Alibaba,China,Retail,NULL,USD,2023-11-29,2049.93,NULL,2029.91,2065.41,2068.92,31191520,152.88,72.52,4.73
478,META,Meta,USA,Technology,NASDAQ,USD,NULL,739.07,744.01,716.35,723.13,724.9,39213979,605.88,37.56,3.65
NULL,TCEHY,Tencent,China,Technology,HKEX,HKD,2023-12-05,1297.91,1356.95,1275.97,1293.56,1292.45,25953040,2808.14,73.35,1.92
480,AAPL,Apple,USA,Technology,NULL,USD,2023-12-08,1761.66,1790.55,1756.15,1768.82,1766.32,18687471,1427.27,46.91,1.46
481,GOOG,Alphabet,USA,Technology,NASDAQ,USD,2023-12-11,1999.3,2064.07,1991.15,2059.74,2056.06,NULL,2091.59,26.24,NULL
482,INFY,Infosys,India,Technology,NULL,INR,2023-12-14,NULL,513.14,457.1,460.46,464.06,12516565,NULL,NULL,6.48
NULL,TM,NULL,Japan,Automobile,NULL,JPY,2023-12-17,451.1,459.49,NULL,404.62,405.81,14888083,2825.86,58.13,4.1
484,INFY,NULL,India,Technology,NSE,INR,2023-12-20,1242.67,1247.98,1191.28,1243.76,NULL,35626758,2830.26,41.82,4.95
NULL,NULL,NULL,USA,Technology,NASDAQ,USD,2023-12-23,1925.51,1979.93,1910.34,1966.77,1967.55,NULL,2001.08,68.97,1.54
486,META,Meta,USA,Technology,NASDAQ,USD,2023-12-26,2388.81,2415.03,NULL,2404.22,2407.93,17221417,2915.25,30.04,4.55
487,AMZN,NULL,USA,Retail,NASDAQ,USD,2023-12-29,1511.2,1529.62,1481.87,1527.93,1532.03,27119587,1749.48,66.97,NULL
488,RELIANCE,Reliance Industries,India,Energy,NSE,INR,2024-01-01,928.25,929.43,897.11,923.88,NULL,23953590,1091.84,13.65,6.57
489,NULL,Amazon,USA,Retail,NASDAQ,USD,2024-01-04,937.49,991.5,888.13,979.35,NULL,21016068,408.31,32.35,1.67
490,SAMSUNG,Samsung,South Korea,Technology,KRX,KRW,2024-01-07,1786.51,1857.83,1775.08,1850.64,1847.84,30733274,857.75,58.18,0.21
491,GOOG,Alphabet,USA,Technology,NASDAQ,USD,2024-01-10,947.61,1009.51,914.76,920.02,921.42,18017897,854.4,63.58,3.53
NULL,BMW,BMW,NULL,Automobile,XETRA,EUR,2024-01-13,397.19,436.91,353.9,NULL,375.48,14195374,628.7,72.1,6.07
493,AMZN,Amazon,USA,Retail,NASDAQ,USD,2024-01-16,192.71,231.15,182.55,209.25,209.26,17438266,2789.1,68.41,0.4
494,AMZN,Amazon,NULL,Retail,NULL,USD,2024-01-19,525.16,587.92,NULL,548.91,549.88,8359452,2048.31,45.64,3.53
495,NULL,Infosys,India,Technology,NSE,INR,NULL,78.52,133.7,43.15,90.36,93.96,3530525,2122.46,37.86,0.32
496,AMZN,Amazon,USA,Retail,NASDAQ,USD,2024-01-25,1588.13,NULL,1538.18,1565.55,1562.62,18145811,NULL,13.69,NULL
497,MSFT,Microsoft,USA,Technology,NASDAQ,NULL,2024-01-28,97.36,NULL,64.81,80.48,83.49,5329371,494.03,NULL,2.99
498,NULL,HDFC Bank,India,Finance,NSE,INR,2024-01-31,369.93,412.47,324.69,410.59,413.65,17566062,NULL,34.05,6.83
499,TCS,TCS,India,Technology,NSE,INR,NULL,NULL,1828.9,1720.05,1766.05,1766.56,25375510,2709.83,55.06,4.03
500,TCS,TCS,India,Technology,NSE,INR,NULL,941.24,993.38,NULL,993.13,992.54,37255394,696.56,8.53,3.71
501,INFY,NULL,India,Technology,NSE,INR,2024-02-09,357.02,405.51,353.59,356.58,357.22,NULL,1668.96,53.24,6.34
502,TM,Toyota,Japan,Automobile,TSE,NULL,2024-02-12,1591.27,1596.76,1579.44,1586.69,NULL,13483753,715.35,11.29,5.96
503,GOOG,Alphabet,USA,Technology,NASDAQ,USD,2024-02-15,118.45,140.97,73.85,139.1,137.35,29854023,795.35,66.17,4.36
NULL,BMW,BMW,Germany,Automobile,XETRA,EUR,2024-02-18,1435.37,NULL,1421.4,1423.84,1424.73,11788972,466.92,74.15,NULL
505,TSLA,Tesla,NULL,Automobile,NASDAQ,USD,2024-02-21,1954.73,2008.03,1941.33,1999.46,2000.4,37178786,1334.27,46.28,3.57
506,AMZN,Amazon,USA,Retail,NASDAQ,USD,2024-02-24,785.6,857.66,771.48,846.54,NULL,8726161,NULL,24.14,5.94
507,AAPL,Apple,USA,Technology,NASDAQ,USD,2024-02-27,204.94,251.28,163.91,173.41,174.15,26776860,1525.98,NULL,NULL
508,TM,Toyota,NULL,Automobile,TSE,JPY,2024-03-01,1180.53,1183.78,1129.42,1134.5,1130.4,44179096,1817.88,6.09,3.05
509,BMW,BMW,Germany,Automobile,XETRA,EUR,2024-03-04,2202.0,2272.73,2177.1,2209.32,2211.39,35109983,1075.04,29.61,5.13
510,GOOG,Alphabet,USA,Technology,NASDAQ,USD,2024-03-07,2031.3,2048.74,2011.54,2015.17,2012.75,31218317,1639.94,50.38,5.15
511,AAPL,Apple,USA,Technology,NULL,USD,2024-03-10,2352.16,2402.9,2292.54,2367.05,2368.98,30304350,2985.97,54.12,1.99
512,META,Meta,USA,NULL,NASDAQ,USD,2024-03-13,828.73,871.1,NULL,846.39,NULL,31225875,356.25,61.75,0.43
513,GOOG,Alphabet,NULL,Technology,NASDAQ,NULL,NULL,158.42,165.15,100.01,116.16,111.97,48026341,1696.71,23.4,2.59
514,BABA,Alibaba,China,NULL,NYSE,USD,2024-03-19,1942.33,2003.61,1909.48,1965.91,1963.29,4054857,2566.6,32.92,3.13
515,NULL,NULL,NULL,Automobile,TSE,NULL,2024-03-22,1268.48,1326.35,1223.26,1226.58,1227.03,18684041,2767.52,9.12,1.02
NULL,SAMSUNG,Samsung,South Korea,Technology,KRX,KRW,2024-03-25,1386.3,NULL,1352.12,1403.99,1404.84,26157564,2244.96,52.23,4.01
517,AAPL,Apple,USA,Technology,NASDAQ,USD,2024-03-28,NULL,2197.5,2104.72,2153.66,2157.54,23521176,971.38,14.58,6.03
518,BMW,BMW,Germany,Automobile,XETRA,EUR,2024-03-31,328.95,359.06,283.2,344.78,345.73,23639551,2542.53,37.37,6.55
519,GOOG,Alphabet,USA,Technology,NASDAQ,USD,2024-04-03,2103.63,2150.44,2098.27,NULL,2128.58,9682956,2530.73,70.47,5.22
520,TCS,TCS,India,Technology,NSE,NULL,2024-04-06,1037.31,1056.41,977.39,1002.27,1005.12,34818827,2103.47,52.49,5.97
521,META,Meta,USA,Technology,NULL,USD,2024-04-09,969.52,1021.7,918.94,NULL,976.1,5512412,182.54,11.31,3.53
522,AAPL,NULL,NULL,Technology,NASDAQ,NULL,2024-04-12,878.17,939.83,822.16,879.75,883.07,35634551,714.34,22.87,3.65
523,GOOG,Alphabet,USA,Technology,NASDAQ,USD,2024-04-15,411.06,444.26,401.87,443.16,444.99,40259490,262.18,34.66,5.62
524,HDFCBANK,HDFC Bank,NULL,NULL,NSE,INR,2024-04-18,920.6,982.06,NULL,964.47,959.63,6761252,2268.07,55.96,0.65
525,BMW,BMW,NULL,Automobile,XETRA,NULL,2024-04-21,1076.64,1120.14,1043.86,1062.33,1066.83,NULL,2503.57,36.34,NULL
526,GOOG,Alphabet,NULL,Technology,NASDAQ,USD,2024-04-24,NULL,1734.57,1719.66,NULL,1719.27,38879797,1520.84,35.57,0.88
527,HDFCBANK,HDFC Bank,India,Finance,NULL,INR,2024-04-27,277.7,337.34,220.26,245.6,250.34,17982344,1335.34,29.58,0.58
528,INFY,Infosys,India,Technology,NSE,INR,2024-04-30,1392.23,1417.21,1383.21,1401.18,1403.74,4581382,679.16,36.42,2.33
NULL,NULL,Toyota,Japan,Automobile,TSE,JPY,2024-05-03,91.28,169.37,40.55,NULL,159.02,40124165,2860.85,14.96,NULL
530,MSFT,Microsoft,USA,Technology,NASDAQ,USD,2024-05-06,1807.67,1875.22,1792.52,1835.84,1836.96,13696090,2504.39,46.79,NULL
531,BABA,Alibaba,China,Retail,NYSE,USD,2024-05-09,2474.15,2541.99,NULL,2469.67,2470.77,4214630,300.32,68.83,3.19
532,META,Meta,USA,Technology,NASDAQ,USD,2024-05-12,52.94,95.5,46.05,69.8,69.1,40228230,NULL,42.03,3.59
533,HDFCBANK,NULL,India,Finance,NSE,INR,2024-05-15,2123.0,2124.19,2068.18,2072.39,2068.91,40414275,2207.74,NULL,5.82
534,MSFT,Microsoft,USA,Technology,NASDAQ,NULL,2024-05-18,298.7,321.3,276.89,NULL,NULL,NULL,659.95,29.18,1.8
535,HDFCBANK,HDFC Bank,India,NULL,NSE,NULL,2024-05-21,2307.08,NULL,2254.93,2265.07,2266.95,30091263,1460.1,NULL,2.45
536,BABA,Alibaba,China,Retail,NYSE,USD,2024-05-24,1625.06,1674.16,1615.8,1638.93,1635.16,4506808,2705.02,13.98,5.97
537,MSFT,Microsoft,USA,Technology,NASDAQ,USD,2024-05-27,NULL,NULL,652.58,659.93,660.51,18320743,44.21,5.66,5.72
538,TM,Toyota,Japan,Automobile,NULL,NULL,2024-05-30,2202.12,2211.31,2146.75,2176.3,2172.22,25530092,2890.16,50.85,5.65
539,TM,Toyota,Japan,Automobile,TSE,JPY,2024-06-02,1092.06,1142.55,1045.8,1093.04,1096.8,11232029,452.41,40.23,3.63
540,BABA,Alibaba,China,Retail,NYSE,USD,2024-06-05,1694.38,1734.82,NULL,1712.48,1715.2,42982750,2847.19,9.44,0.27
541,NULL,Alphabet,NULL,Technology,NASDAQ,USD,2024-06-08,360.63,383.55,311.64,361.99,357.48,7305182,111.48,61.96,5.5
542,AAPL,Apple,USA,NULL,NULL,USD,NULL,1214.54,1245.94,1159.13,1203.68,1207.83,43906879,1763.56,62.87,4.86
543,TSLA,Tesla,USA,Automobile,NULL,USD,2024-06-14,322.6,366.94,271.19,357.93,357.34,20326076,866.42,NULL,4.17
544,MSFT,Microsoft,USA,Technology,NASDAQ,USD,2024-06-17,318.24,396.7,290.81,329.0,333.04,40980513,2936.59,73.78,2.64
545,META,Meta,USA,Technology,NASDAQ,USD,NULL,2203.15,NULL,2167.18,2199.09,2200.47,49102441,774.43,43.87,3.95
NULL,TM,Toyota,NULL,Automobile,TSE,JPY,2024-06-23,129.43,195.63,71.24,142.96,138.02,25099587,53.5,20.5,0.73
547,BABA,Alibaba,China,Retail,NULL,USD,2024-06-26,NULL,2406.96,2352.65,2356.66,2360.08,40515886,972.17,56.49,1.25
548,AAPL,NULL,USA,Technology,NASDAQ,USD,2024-06-29,2150.39,2191.25,2114.05,2117.7,2117.54,4076060,1526.99,74.67,3.85
549,TCEHY,Tencent,NULL,Technology,HKEX,HKD,2024-07-02,2012.01,2016.06,NULL,1997.56,1996.07,42100251,2148.2,27.21,4.69
550,BABA,Alibaba,China,Retail,NYSE,NULL,2024-07-05,1310.96,1376.22,NULL,1305.09,1304.53,NULL,2314.29,73.4,6.45
551,TSLA,Tesla,USA,Automobile,NASDAQ,NULL,2024-07-08,1024.12,1025.68,991.91,1017.68,1018.74,45231923,NULL,30.78,6.3
552,AMZN,Amazon,USA,Retail,NASDAQ,USD,NULL,1025.04,1046.95,995.38,1043.8,NULL,21266623,1823.34,60.43,5.0
553,AMZN,Amazon,USA,Retail,NULL,USD,2024-07-14,1592.98,1641.0,1584.82,1594.81,1596.99,27548261,2444.07,33.91,NULL
554,SAMSUNG,Samsung,South Korea,Technology,KRX,KRW,2024-07-17,2439.94,2443.67,2382.79,2382.97,2384.11,25588600,1203.25,39.74,1.62
555,NULL,Alibaba,China,Retail,NYSE,USD,2024-07-20,NULL,1246.47,1186.02,1212.28,1211.57,NULL,2773.6,41.08,2.75
556,HDFCBANK,HDFC Bank,India,NULL,NSE,NULL,2024-07-23,1845.25,1879.46,1806.56,1829.42,1826.13,49719569,2626.1,41.98,0.39
557,SAMSUNG,Samsung,South Korea,Technology,NULL,KRW,2024-07-26,NULL,NULL,1832.67,1886.17,1883.44,33641387,362.14,30.87,0.93
558,BABA,Alibaba,China,NULL,NYSE,USD,2024-07-29,1390.73,1444.58,1379.32,1406.66,1404.42,17404630,1151.99,59.51,3.76
559,TM,Toyota,NULL,Automobile,TSE,JPY,2024-08-01,478.12,556.75,425.06,512.36,511.85,18363212,2524.62,71.97,0.23
560,MSFT,NULL,USA,Technology,NASDAQ,USD,2024-08-04,786.82,804.98,777.11,794.67,791.18,NULL,308.45,65.41,1.15
561,SAMSUNG,Samsung,South Korea,Technology,KRX,KRW,2024-08-07,436.59,440.9,424.41,438.13,438.72,23565625,2336.27,16.78,3.52
562,GOOG,Alphabet,USA,Technology,NASDAQ,USD,2024-08-10,721.63,744.31,712.28,731.88,727.61,17905955,1021.56,36.11,0.44
563,TCS,TCS,India,Technology,NSE,INR,NULL,1559.76,1628.0,NULL,1582.87,1587.72,2750071,687.95,69.59,5.13
564,GOOG,Alphabet,USA,Technology,NASDAQ,USD,2024-08-16,51.58,NULL,NULL,62.72,57.83,31637943,NULL,68.75,5.24
565,BMW,BMW,Germany,Automobile,XETRA,EUR,2024-08-19,119.65,NULL,64.68,125.24,129.92,41174395,1917.06,55.1,5.07
566,BABA,Alibaba,China,NULL,NYSE,USD,NULL,877.69,879.31,846.82,854.09,852.43,19729881,2231.94,24.0,4.7
567,GOOG,Alphabet,USA,Technology,NASDAQ,NULL,2024-08-25,1329.06,1340.24,NULL,1319.79,1320.87,23705637,379.39,60.64,0.34
568,SAMSUNG,Samsung,South Korea,Technology,KRX,KRW,2024-08-28,642.66,649.21,637.2,647.81,649.15,9138317,48.22,NULL,0.1
569,BABA,Alibaba,China,Retail,NYSE,USD,2024-08-31,NULL,1380.72,1295.67,1314.23,1313.59,7836990,793.28,23.12,0.87
570,NULL,TCS,India,Technology,NULL,INR,2024-09-03,1185.13,1218.77,1160.29,1210.99,1214.05,23726621,2754.18,7.44,0.2
571,RELIANCE,Reliance Industries,India,NULL,NSE,INR,2024-09-06,1246.15,1317.44,1190.86,1203.99,NULL,10846635,NULL,62.87,0.93
572,INFY,Infosys,India,Technology,NSE,INR,2024-09-09,1578.02,1615.71,1567.7,1610.63,NULL,40307716,NULL,62.14,1.95
573,MSFT,Microsoft,USA,Technology,NASDAQ,USD,2024-09-12,NULL,1863.12,NULL,1822.15,1820.59,23148953,1125.85,63.64,2.55
574,SAMSUNG,Samsung,South Korea,Technology,KRX,KRW,2024-09-15,1062.43,1139.36,1052.64,1106.76,1109.49,16118740,935.86,30.79,3.19
575,NULL,Alibaba,China,Retail,NYSE,USD,2024-09-18,1536.26,1606.03,1496.0,1513.02,1513.04,21105247,2452.33,33.12,4.87
576,RELIANCE,Reliance Industries,India,Energy,NSE,INR,2024-09-21,2026.65,2088.82,2000.95,2004.41,2007.4,33083143,1375.9,30.3,0.95
577,AMZN,Amazon,USA,Retail,NASDAQ,USD,NULL,165.83,218.69,114.59,197.58,193.3,48452589,2508.22,66.63,2.73
578,TSLA,Tesla,USA,Automobile,NASDAQ,USD,2024-09-27,1422.38,1446.76,1363.26,1431.14,1435.74,NULL,518.13,NULL,4.51
579,BABA,Alibaba,China,Retail,NYSE,USD,NULL,1502.5,1508.04,1498.75,1506.79,1507.52,46180955,1927.55,66.18,6.15
580,INFY,NULL,India,Technology,NSE,INR,2024-10-03,1697.27,1728.82,NULL,1697.17,1700.77,25914169,2136.6,36.93,2.59
581,NULL,Microsoft,USA,Technology,NASDAQ,USD,2024-10-06,2106.71,2154.69,2098.51,2151.87,2153.74,44434073,2847.26,28.58,NULL
NULL,INFY,Infosys,India,Technology,NSE,INR,2024-10-09,201.72,211.98,151.43,204.58,200.13,17133999,1764.69,72.14,2.56
583,BABA,Alibaba,NULL,Retail,NYSE,USD,2024-10-12,NULL,1170.23,NULL,1147.13,1145.84,15602207,2035.84,58.48,2.36
584,INFY,Infosys,India,Technology,NSE,INR,2024-10-15,2417.52,2477.11,2412.91,2463.86,2462.67,36309831,775.92,56.3,5.22
NULL,AMZN,Amazon,USA,Retail,NASDAQ,USD,2024-10-18,2134.42,2143.84,2122.71,2137.93,2142.62,1146811,2434.64,43.19,6.77
586,GOOG,Alphabet,NULL,NULL,NASDAQ,NULL,NULL,149.25,225.2,121.77,206.59,208.69,32050717,280.62,64.21,3.55
587,MSFT,Microsoft,NULL,Technology,NASDAQ,USD,2024-10-24,1819.98,1899.43,NULL,1849.67,1851.34,38457738,1114.23,7.86,3.38
588,META,Meta,USA,Technology,NULL,USD,2024-10-27,2454.74,2457.76,2425.11,2427.53,2425.03,35970998,1447.5,39.46,2.77
589,GOOG,Alphabet,USA,Technology,NASDAQ,USD,2024-10-30,2105.59,2139.63,2081.95,2120.69,2120.43,40661554,2314.69,15.17,0.37
590,MSFT,Microsoft,USA,Technology,NULL,USD,NULL,827.78,866.93,778.42,855.46,851.62,28421100,2727.48,74.81,2.54
591,INFY,Infosys,India,Technology,NSE,INR,NULL,780.33,824.44,779.03,822.71,821.56,21282739,2390.86,20.17,NULL
592,AAPL,Apple,USA,Technology,NASDAQ,USD,2024-11-08,192.84,220.97,182.65,192.14,188.68,21195148,1976.07,NULL,6.47
593,TM,NULL,Japan,Automobile,TSE,JPY,2024-11-11,2051.75,2125.18,2002.17,2058.88,2061.38,29507894,339.03,20.15,1.13
594,TM,Toyota,Japan,Automobile,TSE,JPY,2024-11-14,577.88,635.25,568.95,618.97,617.65,12550065,2131.12,NULL,6.93
595,META,Meta,USA,NULL,NASDAQ,USD,2024-11-17,2047.01,2076.62,2014.89,2071.37,2069.22,5528166,1765.01,NULL,5.63
596,MSFT,Microsoft,USA,Technology,NASDAQ,USD,2024-11-20,171.13,227.62,148.59,170.9,171.11,31426214,2283.16,24.7,6.8
597,MSFT,Microsoft,USA,Technology,NASDAQ,USD,2024-11-23,1906.5,1961.11,1847.9,1895.85,NULL,30433582,492.5,7.82,6.0
598,META,Meta,NULL,Technology,NASDAQ,USD,2024-11-26,1671.8,1732.2,1617.78,1661.32,1660.92,22108355,2202.63,45.48,6.91
599,GOOG,Alphabet,USA,Technology,NULL,USD,2024-11-29,1217.35,1247.69,1166.12,1192.61,1195.97,35440748,NULL,35.42,4.19
600,TSLA,Tesla,USA,NULL,NASDAQ,USD,2024-12-02,1952.66,1995.71,NULL,1978.52,1976.25,NULL,1151.57,31.7,5.51
